master_id,variant_name,confidence_score,created_at
1,"75mm M1897",100,2025-11-03T22:31:19.337941
2,"Artillery Tractors",100,2025-11-03T22:31:19.337941
3,"Bedford OY",100,2025-11-03T22:31:19.337941
4,"Captured Italian",100,2025-11-03T22:31:19.337941
5,"Captured Italian/german",100,2025-11-03T22:31:19.337941
5,"Captured Italian-german",80,2025-11-03T22:31:19.337941
5,"Captured Italian german",80,2025-11-03T22:31:19.337941
6,"Hotchkiss H39",100,2025-11-03T22:31:19.337941
7,"M3 Stuart",100,2025-11-03T22:31:19.337941
8,"Morris Commercial",100,2025-11-03T22:31:19.337941
9,"Panhard 178",100,2025-11-03T22:31:19.337941
10,"QF 25-pounder",100,2025-11-03T22:31:19.337941
10,"QF 25 pounder",80,2025-11-03T22:31:19.337941
10,"QF 25pounder",80,2025-11-03T22:31:19.337941
11,"QF 6-pounder",100,2025-11-03T22:31:19.337941
11,"QF 6 pounder",80,2025-11-03T22:31:19.337941
11,"QF 6pounder",80,2025-11-03T22:31:19.337941
12,"Recovery Vehicles",100,2025-11-03T22:31:19.337941
13,"Renault R35",100,2025-11-03T22:31:19.337941
14,"Somua S35",100,2025-11-03T22:31:19.337941
15,"Total Light Tanks",100,2025-11-03T22:31:19.337941
16,"Universal Carrier",100,2025-11-03T22:31:19.337941
17,"US Lend-lease (arriving)",100,2025-11-03T22:31:19.337941
17,"US Lend lease (arriving)",80,2025-11-03T22:31:19.337941
17,"US Lendlease (arriving)",80,2025-11-03T22:31:19.337941
18,"Various French Types",100,2025-11-03T22:31:19.337941
19,"White-laffly AMD 50",100,2025-11-03T22:31:19.337941
19,"White laffly AMD 50",80,2025-11-03T22:31:19.337941
19,"Whitelaffly AMD 50",80,2025-11-03T22:31:19.337941
20,"White M3 Scout Car",100,2025-11-03T22:31:19.337941
21,"18-pounder (AT Adapted)",100,2025-11-03T22:31:19.337941
21,"18-pounder (Anti Tank Adapted)",80,2025-11-03T22:31:19.337941
21,"18pounder (AT Adapted)",80,2025-11-03T22:31:19.337941
21,"18 pounder (AT Adapted)",80,2025-11-03T22:31:19.337941
21,"18-pounder (Anti-Tank Adapted)",80,2025-11-03T22:31:19.337941
22,"20mm Oerlikon",100,2025-11-03T22:31:19.337941
23,"25 Pounder",100,2025-11-03T22:31:19.337941
24,"2 Pdr AT",100,2025-11-03T22:31:19.337941
24,"2 Pdr Anti Tank",80,2025-11-03T22:31:19.337941
24,"2 Pdr Anti-Tank",80,2025-11-03T22:31:19.337941
25,"2 Pounder",100,2025-11-03T22:31:19.337941
26,"3.7-inch AA Gun",100,2025-11-03T22:31:19.337941
26,"3.7inch AA Gun",80,2025-11-03T22:31:19.337941
26,"3.7 inch AA Gun",80,2025-11-03T22:31:19.337941
26,"3.7-inch Anti Aircraft Gun",80,2025-11-03T22:31:19.337941
26,"37-inch AA Gun",80,2025-11-03T22:31:19.337941
26,"3.7-inch Anti-Aircraft Gun",80,2025-11-03T22:31:19.337941
27,"3 7 Inch AA",100,2025-11-03T22:31:19.337941
27,"3 7 Inch Anti Aircraft",80,2025-11-03T22:31:19.337941
27,"3 7 Inch Anti-Aircraft",80,2025-11-03T22:31:19.337941
28,"4.5-inch Howitzer",100,2025-11-03T22:31:19.337941
28,"45-inch Howitzer",80,2025-11-03T22:31:19.337941
28,"4.5inch Howitzer",80,2025-11-03T22:31:19.337941
28,"4.5 inch Howitzer",80,2025-11-03T22:31:19.337941
29,"4 5 Howitzer",100,2025-11-03T22:31:19.337941
30,"4 5 Inch Howitzer",100,2025-11-03T22:31:19.337941
31,"5.5-inch Gun-howitzer",100,2025-11-03T22:31:19.337941
31,"5.5inch Gunhowitzer",80,2025-11-03T22:31:19.337941
31,"5.5 inch Gun howitzer",80,2025-11-03T22:31:19.337941
31,"55-inch Gun-howitzer",80,2025-11-03T22:31:19.337941
32,"5 5 Inch Gun",100,2025-11-03T22:31:19.337941
33,"60-pounder Heavy Gun",100,2025-11-03T22:31:19.337941
33,"60pounder Heavy Gun",80,2025-11-03T22:31:19.337941
33,"60 pounder Heavy Gun",80,2025-11-03T22:31:19.337941
34,"6 Pdr AT",100,2025-11-03T22:31:19.337941
34,"6 Pdr Anti-Tank",80,2025-11-03T22:31:19.337941
34,"6 Pdr Anti Tank",80,2025-11-03T22:31:19.337941
35,"6 Pounder",100,2025-11-03T22:31:19.337941
36,"7.2-inch Howitzer",100,2025-11-03T22:31:19.337941
36,"7.2inch Howitzer",80,2025-11-03T22:31:19.337941
36,"72-inch Howitzer",80,2025-11-03T22:31:19.337941
36,"7.2 inch Howitzer",80,2025-11-03T22:31:19.337941
37,"A10",100,2025-11-03T22:31:19.337941
38,"A10 Cruiser",100,2025-11-03T22:31:19.337941
39,"A10 Cruiser Mk II",100,2025-11-03T22:31:19.338941
40,"A12 Matilda II",100,2025-11-03T22:31:19.338941
41,"A13 Cruiser",100,2025-11-03T22:31:19.338941
42,"A13 Cruiser Mk1",100,2025-11-03T22:31:19.338941
43,"A13 Cruiser Mk2",100,2025-11-03T22:31:19.338941
44,"A13 Cruiser Mk3",100,2025-11-03T22:31:19.338941
45,"A13 Cruiser Mk IV",100,2025-11-03T22:31:19.338941
46,"A13 Mk II",100,2025-11-03T22:31:19.338941
47,"A13 Mk II Cruiser",100,2025-11-03T22:31:19.338941
48,"A13 Mk II (cruiser Mk IV)",100,2025-11-03T22:31:19.338941
49,"A15 Crusader Mk I",100,2025-11-03T22:31:19.338941
51,"A9 Cruiser",100,2025-11-03T22:31:19.338941
52,"A9 Cruiser Mk I",100,2025-11-03T22:31:19.338941
53,"A9 Recovery",100,2025-11-03T22:31:19.338941
54,"Anti Aircraft",100,2025-11-03T22:31:19.338941
55,"Anti Tank",100,2025-11-03T22:31:19.338941
56,"Austin K2",100,2025-11-03T22:31:19.338941
57,"Baltimore Mk3",100,2025-11-03T22:31:19.338941
58,"Bedford MW",100,2025-11-03T22:31:19.338941
59,"Bedford MW 15cwt",100,2025-11-03T22:31:19.338941
60,"Bedford MW/MWD",100,2025-11-03T22:31:19.338941
60,"Bedford MW MWD",80,2025-11-03T22:31:19.338941
60,"Bedford MW-MWD",80,2025-11-03T22:31:19.338941
61,"Bedford OWL",100,2025-11-03T22:31:19.338941
62,"Bedford OX",100,2025-11-03T22:31:19.338941
63,"Bedford OY 3-ton",100,2025-11-03T22:31:19.338941
63,"Bedford OY 3ton",80,2025-11-03T22:31:19.338941
63,"Bedford OY 3 ton",80,2025-11-03T22:31:19.338941
64,"Bedford QL",100,2025-11-03T22:31:19.338941
65,"Bedford QL Recovery",100,2025-11-03T22:31:19.338941
66,"Blenheim Mk1",100,2025-11-03T22:31:19.338941
67,"Blenheim Mk4",100,2025-11-03T22:31:19.338941
68,"Blenheim Mk5",100,2025-11-03T22:31:19.338941
69,"Blenheim Mk I",100,2025-11-03T22:31:19.338941
70,"BL 5.5-inch Gun",100,2025-11-03T22:31:19.338941
70,"BL 55-inch Gun",80,2025-11-03T22:31:19.338941
70,"BL 5.5 inch Gun",80,2025-11-03T22:31:19.338941
70,"BL 5.5inch Gun",80,2025-11-03T22:31:19.338941
71,"Bofors 40mm",100,2025-11-03T22:31:19.338941
72,"Bofors 40mm AA",100,2025-11-03T22:31:19.338941
72,"Bofors 40mm Anti Aircraft",80,2025-11-03T22:31:19.338941
72,"Bofors 40mm Anti-Aircraft",80,2025-11-03T22:31:19.338941
73,"Bofors 40mm L/56",100,2025-11-03T22:31:19.338941
73,"Bofors 40mm L-56",80,2025-11-03T22:31:19.338941
73,"Bofors 40mm L 56",80,2025-11-03T22:31:19.338941
74,"Bombay",100,2025-11-03T22:31:19.338941
75,"Bombers",100,2025-11-03T22:31:19.338941
76,"Boston Mk III",100,2025-11-03T22:31:19.338941
77,"Boys Anti-tank Rifle",100,2025-11-03T22:31:19.338941
77,"Boys Antitank Rifle",80,2025-11-03T22:31:19.338941
77,"Boys Anti tank Rifle",80,2025-11-03T22:31:19.338941
78,"Boys Anti-tank Rifle .55",100,2025-11-03T22:31:19.338941
78,"Boys Anti-tank Rifle 55",80,2025-11-03T22:31:19.338941
78,"Boys Anti tank Rifle .55",80,2025-11-03T22:31:19.338941
78,"Boys Antitank Rifle .55",80,2025-11-03T22:31:19.338941
79,"Bren Mortar Carrier",100,2025-11-03T22:31:19.338941
80,"Bristol Blenheim Mk I",100,2025-11-03T22:31:19.338941
81,"Bristol Blenheim Mk IV",100,2025-11-03T22:31:19.338941
82,"Bristol Blenheim (recce)",100,2025-11-03T22:31:19.338941
83,"BSA M20",100,2025-11-03T22:31:19.338941
84,"Canadian Military Pattern (CMP)",100,2025-11-03T22:31:19.338941
85,"Chevrolet C15A",100,2025-11-03T22:31:19.338941
86,"Chevrolet C15A CMP",100,2025-11-03T22:31:19.338941
87,"Chevrolet C30 CMP",100,2025-11-03T22:31:19.338941
88,"Chevrolet C60L CMP",100,2025-11-03T22:31:19.338941
89,"Churchill IV",100,2025-11-03T22:31:19.338941
90,"Churchill Mk IV",100,2025-11-03T22:31:19.338941
91,"Churchill VII",100,2025-11-03T22:31:19.338941
92,"CMP 15cwt",100,2025-11-03T22:31:19.338941
93,"CMP 3-ton",100,2025-11-03T22:31:19.338941
93,"CMP 3 ton",80,2025-11-03T22:31:19.338941
93,"CMP 3ton",80,2025-11-03T22:31:19.338941
94,"CMP Chevrolet",100,2025-11-03T22:31:19.338941
95,"CMP Trucks (all Variants)",100,2025-11-03T22:31:19.338941
96,"Crusader I",100,2025-11-03T22:31:19.338941
97,"Crusader II",100,2025-11-03T22:31:19.338941
98,"Crusader III",100,2025-11-03T22:31:19.338941
99,"Crusader Mk I",100,2025-11-03T22:31:19.338941
100,"Crusader Mk II",100,2025-11-03T22:31:19.338941
101,"Crusader Mk III",100,2025-11-03T22:31:19.338941
102,"Daimler Armored Car",100,2025-11-03T22:31:19.338941
103,"Daimler Mk I",100,2025-11-03T22:31:19.338941
104,"Dakota Mk I (C-47)",100,2025-11-03T22:31:19.338941
104,"Dakota Mk I (C 47)",80,2025-11-03T22:31:19.338941
104,"Dakota Mk I (C47)",80,2025-11-03T22:31:19.338941
105,"Diamond T",100,2025-11-03T22:31:19.338941
106,"Field",100,2025-11-03T22:31:19.338941
107,"Fighters",100,2025-11-03T22:31:19.338941
108,"Ford F15A CMP",100,2025-11-03T22:31:19.338941
109,"Ford F15 15cwt",100,2025-11-03T22:31:19.338941
110,"Ford F30 CMP",100,2025-11-03T22:31:19.338941
111,"Ford F60L CMP",100,2025-11-03T22:31:19.338941
112,"Ford WOT 6",100,2025-11-03T22:31:19.338941
113,"Gladiator",100,2025-11-03T22:31:19.338941
114,"Gladiator Mk II",100,2025-11-03T22:31:19.338941
115,"Gloster Gladiator",100,2025-11-03T22:31:19.338941
116,"Grant M3",100,2025-11-03T22:31:19.338941
117,"Grant M3 Lee",100,2025-11-03T22:31:19.338941
118,"Grant Mk I",100,2025-11-03T22:31:19.338941
119,"Grant Mk II",100,2025-11-03T22:31:19.338941
120,"Guy Quad Ant",100,2025-11-03T22:31:19.338941
121,"Hawker Hurricane Mk I",100,2025-11-03T22:31:19.338941
122,"Hawker Hurricane Mk II",100,2025-11-03T22:31:19.338941
123,"Hawker Hurricane Mk IIC",100,2025-11-03T22:31:19.338941
124,"Hawker Hurricane Mk IID",100,2025-11-03T22:31:19.338941
125,"Honey Stuart M3a1",100,2025-11-03T22:31:19.338941
126,"Humber Mk I",100,2025-11-03T22:31:19.338941
127,"Humber Mk III",100,2025-11-03T22:31:19.338941
128,"Humber Scout Car",100,2025-11-03T22:31:19.338941
129,"Hurricane Mk1",100,2025-11-03T22:31:19.338941
130,"Hurricane Mk2",100,2025-11-03T22:31:19.338941
131,"Hurricane Recon",100,2025-11-03T22:31:19.338941
132,"International M5-6-318",100,2025-11-03T22:31:19.338941
132,"International M56-318",80,2025-11-03T22:31:19.338941
132,"International M5 6-318",80,2025-11-03T22:31:19.338941
133,"Kittyhawk P40",100,2025-11-03T22:31:19.338941
134,"Lewis Gun AA",100,2025-11-03T22:31:19.338941
134,"Lewis Gun Anti Aircraft",80,2025-11-03T22:31:19.338941
134,"Lewis Gun Anti-Aircraft",80,2025-11-03T22:31:19.338941
135,"Liberator Mk III",100,2025-11-03T22:31:19.338941
136,"Light Mk VI",100,2025-11-03T22:31:19.338941
137,"Light Tank Mk6",100,2025-11-03T22:31:19.338941
138,"Light Tank Mk6b",100,2025-11-03T22:31:19.338941
139,"Light Tank Mk6c",100,2025-11-03T22:31:19.338941
140,"Light Tank Mk VI",100,2025-11-03T22:31:19.338941
141,"Lysander",100,2025-11-03T22:31:19.338941
142,"Lysander Mk I",100,2025-11-03T22:31:19.338941
143,"Lysander Mk III",100,2025-11-03T22:31:19.338941
144,"M3A1 Stuart III",100,2025-11-03T22:31:19.338941
145,"M3 Grant",100,2025-11-03T22:31:19.338941
146,"M3 Stuart I",100,2025-11-03T22:31:19.338941
147,"Marmon-herrington",100,2025-11-03T22:31:19.338941
147,"Marmon herrington",80,2025-11-03T22:31:19.338941
147,"Marmonherrington",80,2025-11-03T22:31:19.338941
148,"Maryland",100,2025-11-03T22:31:19.338941
149,"Matchless G3L",100,2025-11-03T22:31:19.338941
150,"Matilda II",100,2025-11-03T22:31:19.338941
151,"Matilda Mk II",100,2025-11-03T22:31:19.338941
152,"Morris C8",100,2025-11-03T22:31:19.338941
153,"Morris C8 Quad",100,2025-11-03T22:31:19.338941
154,"Morris CS9",100,2025-11-03T22:31:19.338941
155,"Morris Quad",100,2025-11-03T22:31:19.338941
156,"Norton 16h",100,2025-11-03T22:31:19.338941
157,"Oerlikon 20mm",100,2025-11-03T22:31:19.338941
158,"Ordnance QF 18-pounder",100,2025-11-03T22:31:19.338941
158,"Ordnance QF 18 pounder",80,2025-11-03T22:31:19.338941
158,"Ordnance QF 18pounder",80,2025-11-03T22:31:19.338941
159,"Ordnance QF 2-pounder (40mm)",100,2025-11-03T22:31:19.338941
159,"Ordnance QF 2 pounder (40mm)",80,2025-11-03T22:31:19.338941
159,"Ordnance QF 2pounder (40mm)",80,2025-11-03T22:31:19.338941
160,"Ordnance QF 2-pounder Mk IX",100,2025-11-03T22:31:19.338941
160,"Ordnance QF 2 pounder Mk IX",80,2025-11-03T22:31:19.338941
160,"Ordnance QF 2pounder Mk IX",80,2025-11-03T22:31:19.338941
161,"Ordnance QF 25-pounder Mk II",100,2025-11-03T22:31:19.338941
161,"Ordnance QF 25 pounder Mk II",80,2025-11-03T22:31:19.338941
161,"Ordnance QF 25pounder Mk II",80,2025-11-03T22:31:19.338941
162,"Ordnance QF 25 Pdr",100,2025-11-03T22:31:19.338941
163,"Ordnance QF 6-pounder Mk V",100,2025-11-03T22:31:19.338941
163,"Ordnance QF 6 pounder Mk V",80,2025-11-03T22:31:19.338941
163,"Ordnance QF 6pounder Mk V",80,2025-11-03T22:31:19.338941
164,"P-40E Kittyhawk",100,2025-11-03T22:31:19.338941
164,"P 40E Kittyhawk",80,2025-11-03T22:31:19.338941
164,"P40E Kittyhawk",80,2025-11-03T22:31:19.338941
165,"P-40F Kittyhawk Mk II",100,2025-11-03T22:31:19.338941
165,"P40F Kittyhawk Mk II",80,2025-11-03T22:31:19.338941
165,"P 40F Kittyhawk Mk II",80,2025-11-03T22:31:19.338941
166,"QF 17-pounder",100,2025-11-03T22:31:19.338941
166,"QF 17pounder",80,2025-11-03T22:31:19.338941
166,"QF 17 pounder",80,2025-11-03T22:31:19.338941
167,"QF 2-pounder",100,2025-11-03T22:31:19.338941
167,"QF 2pounder",80,2025-11-03T22:31:19.338941
167,"QF 2 pounder",80,2025-11-03T22:31:19.338941
168,"QF 2-pounder AT",100,2025-11-03T22:31:19.338941
168,"QF 2-pounder Anti-Tank",80,2025-11-03T22:31:19.338941
168,"QF 2 pounder AT",80,2025-11-03T22:31:19.338941
168,"QF 2pounder AT",80,2025-11-03T22:31:19.338941
168,"QF 2-pounder Anti Tank",80,2025-11-03T22:31:19.338941
170,"QF 3-inch 20cwt AA",100,2025-11-03T22:31:19.338941
170,"QF 3 inch 20cwt AA",80,2025-11-03T22:31:19.338941
170,"QF 3-inch 20cwt Anti Aircraft",80,2025-11-03T22:31:19.338941
170,"QF 3inch 20cwt AA",80,2025-11-03T22:31:19.338941
170,"QF 3-inch 20cwt Anti-Aircraft",80,2025-11-03T22:31:19.338941
171,"QF 3.7-inch",100,2025-11-03T22:31:19.338941
171,"QF 37-inch",80,2025-11-03T22:31:19.338941
171,"QF 3.7 inch",80,2025-11-03T22:31:19.338941
171,"QF 3.7inch",80,2025-11-03T22:31:19.338941
172,"QF 3.7-inch AA",100,2025-11-03T22:31:19.338941
172,"QF 3.7-inch Anti-Aircraft",80,2025-11-03T22:31:19.338941
172,"QF 3.7 inch AA",80,2025-11-03T22:31:19.338941
172,"QF 37-inch AA",80,2025-11-03T22:31:19.338941
172,"QF 3.7-inch Anti Aircraft",80,2025-11-03T22:31:19.338941
172,"QF 3.7inch AA",80,2025-11-03T22:31:19.338941
173,"QF 3.7-inch AA Gun",100,2025-11-03T22:31:19.338941
173,"QF 3.7 inch AA Gun",80,2025-11-03T22:31:19.338941
173,"QF 37-inch AA Gun",80,2025-11-03T22:31:19.338941
173,"QF 3.7inch AA Gun",80,2025-11-03T22:31:19.338941
173,"QF 3.7-inch Anti-Aircraft Gun",80,2025-11-03T22:31:19.338941
173,"QF 3.7-inch Anti Aircraft Gun",80,2025-11-03T22:31:19.338941
174,"QF 4.5-inch Howitzer",100,2025-11-03T22:31:19.338941
174,"QF 4.5 inch Howitzer",80,2025-11-03T22:31:19.338941
174,"QF 45-inch Howitzer",80,2025-11-03T22:31:19.338941
174,"QF 4.5inch Howitzer",80,2025-11-03T22:31:19.338941
175,"QF 5.5-inch Gun",100,2025-11-03T22:31:19.338941
175,"QF 5.5 inch Gun",80,2025-11-03T22:31:19.338941
175,"QF 55-inch Gun",80,2025-11-03T22:31:19.338941
175,"QF 5.5inch Gun",80,2025-11-03T22:31:19.338941
177,"Reconnaissance",100,2025-11-03T22:31:19.338941
178,"Rolls-royce",100,2025-11-03T22:31:19.338941
178,"Rollsroyce",80,2025-11-03T22:31:19.338941
178,"Rolls royce",80,2025-11-03T22:31:19.338941
179,"Rolls Royce",100,2025-11-03T22:31:19.338941
180,"Scammell Pioneer",100,2025-11-03T22:31:19.338941
181,"Sherman Firefly",100,2025-11-03T22:31:19.338941
182,"Sherman III (M4A4)",100,2025-11-03T22:31:19.338941
183,"Sherman II (M4A1)",100,2025-11-03T22:31:19.338941
184,"Sherman I (M4)",100,2025-11-03T22:31:19.338941
185,"Sherman M4",100,2025-11-03T22:31:19.338941
186,"Sherman M4A1",100,2025-11-03T22:31:19.338941
187,"Spitfire Mk5",100,2025-11-03T22:31:19.338941
188,"Stuart I (M3 Light)",100,2025-11-03T22:31:19.338941
189,"Stuart M3",100,2025-11-03T22:31:19.338941
190,"Stuart V",100,2025-11-03T22:31:19.338941
191,"Stuart VI",100,2025-11-03T22:31:19.338941
192,"Supermarine Spitfire Mk IX",100,2025-11-03T22:31:19.338941
193,"Supermarine Spitfire Mk Vb/trop",100,2025-11-03T22:31:19.338941
193,"Supermarine Spitfire Mk Vb trop",80,2025-11-03T22:31:19.338941
193,"Supermarine Spitfire Mk Vb-trop",80,2025-11-03T22:31:19.338941
194,"Swordfish Mk I",100,2025-11-03T22:31:19.338941
195,"Tetrarch Mk VII",100,2025-11-03T22:31:19.338941
196,"Total Armored Cars",100,2025-11-03T22:31:19.338941
198,"Valencia",100,2025-11-03T22:31:19.338941
199,"Valentine I",100,2025-11-03T22:31:19.338941
200,"Valentine II",100,2025-11-03T22:31:19.338941
201,"Valentine III",100,2025-11-03T22:31:19.338941
202,"Valentine IX",100,2025-11-03T22:31:19.338941
203,"Valentine Mk3",100,2025-11-03T22:31:19.338941
204,"Valentine Mk II",100,2025-11-03T22:31:19.338941
205,"Valentine Mk III",100,2025-11-03T22:31:19.338941
206,"Valentine Mk IX",100,2025-11-03T22:31:19.338941
207,"Valentine V",100,2025-11-03T22:31:19.338941
208,"Valentine VIII",100,2025-11-03T22:31:19.338941
209,"Valentine XI",100,2025-11-03T22:31:19.338941
210,"Vickers Medium",100,2025-11-03T22:31:19.338941
211,"Vickers Wellington",100,2025-11-03T22:31:19.338941
212,"Wellington",100,2025-11-03T22:31:19.338941
213,"Wellington Mk3",100,2025-11-03T22:31:19.338941
214,"Wellington Mk VIII",100,2025-11-03T22:31:19.338941
215,"Wellington Mk X",100,2025-11-03T22:31:19.338941
216,"Westland Lysander",100,2025-11-03T22:31:19.338941
217,"10.5cm Lefh 18",100,2025-11-03T22:31:19.338941
217,"105cm Lefh 18",80,2025-11-03T22:31:19.338941
218,"15cm Sfh 18",100,2025-11-03T22:31:19.338941
219,"17cm Kanone 18",100,2025-11-03T22:31:19.338941
220,"2.0cm Flak 30",100,2025-11-03T22:31:19.338941
220,"20cm Flak 30",80,2025-11-03T22:31:19.338941
221,"2.0cm Flak 38",100,2025-11-03T22:31:19.338941
221,"20cm Flak 38",80,2025-11-03T22:31:19.338941
222,"3.7cm Flak 18/36",100,2025-11-03T22:31:19.338941
222,"37cm Flak 18/36",80,2025-11-03T22:31:19.338941
222,"3.7cm Flak 18 36",80,2025-11-03T22:31:19.338941
222,"3.7cm Flak 18-36",80,2025-11-03T22:31:19.338941
223,"3.7cm Pak 36",100,2025-11-03T22:31:19.338941
223,"37cm Pak 36",80,2025-11-03T22:31:19.338941
224,"37mm Pak 36",100,2025-11-03T22:31:19.338941
225,"5.0cm Pak 38",100,2025-11-03T22:31:19.338941
225,"50cm Pak 38",80,2025-11-03T22:31:19.338941
226,"50mm Pak 38",100,2025-11-03T22:31:19.338941
227,"7.5cm Leig 18",100,2025-11-03T22:31:19.338941
227,"75cm Leig 18",80,2025-11-03T22:31:19.338941
228,"7.5cm Pak 40",100,2025-11-03T22:31:19.338941
228,"75cm Pak 40",80,2025-11-03T22:31:19.338941
229,"8.8cm Flak 18/36",100,2025-11-03T22:31:19.338941
229,"8.8cm Flak 18-36",80,2025-11-03T22:31:19.338941
229,"88cm Flak 18/36",80,2025-11-03T22:31:19.338941
229,"8.8cm Flak 18 36",80,2025-11-03T22:31:19.338941
230,"8.8cm Flak 36",100,2025-11-03T22:31:19.338941
230,"88cm Flak 36",80,2025-11-03T22:31:19.338941
233,"Bf 109f-4/trop",100,2025-11-03T22:31:19.338941
233,"Bf 109f-4-trop",80,2025-11-03T22:31:19.338941
233,"Bf 109f4/trop",80,2025-11-03T22:31:19.338941
233,"Bf 109f-4 trop",80,2025-11-03T22:31:19.338941
233,"Bf 109f 4/trop",80,2025-11-03T22:31:19.338941
234,"Bf 109g-2/trop",100,2025-11-03T22:31:19.338941
234,"Bf 109g-2 trop",80,2025-11-03T22:31:19.338941
234,"Bf 109g2/trop",80,2025-11-03T22:31:19.338941
234,"Bf 109g-2-trop",80,2025-11-03T22:31:19.338941
234,"Bf 109g 2/trop",80,2025-11-03T22:31:19.338941
235,"Bf 110D",100,2025-11-03T22:31:19.338941
236,"BMW R75",100,2025-11-03T22:31:19.338941
237,"Bãƒâ¼ssing-nag G31",100,2025-11-03T22:31:19.338941
237,"Bãƒâ¼ssingnag G31",80,2025-11-03T22:31:19.338941
237,"Bãƒâ¼ssing nag G31",80,2025-11-03T22:31:19.338941
238,"Büssing-nag G31",100,2025-11-03T22:31:19.338941
238,"Büssingnag G31",80,2025-11-03T22:31:19.338941
238,"Büssing nag G31",80,2025-11-03T22:31:19.338941
239,"Dive Bombers",100,2025-11-03T22:31:19.338941
240,"FH 18",100,2025-11-03T22:31:19.338941
243,"Flak 18",100,2025-11-03T22:31:19.338941
244,"Flak 36 8.8cm",100,2025-11-03T22:31:19.338941
244,"Flak 36 88cm",80,2025-11-03T22:31:19.338941
245,"Flak 38",100,2025-11-03T22:31:19.338941
246,"Ford V3000S",100,2025-11-03T22:31:19.338941
247,"Fuel Tankers",100,2025-11-03T22:31:19.338941
248,"Henschel Type 33G1",100,2025-11-03T22:31:19.338941
249,"He 111H-6",100,2025-11-03T22:31:19.338941
249,"He 111H 6",80,2025-11-03T22:31:19.338941
249,"He 111H6",80,2025-11-03T22:31:19.338941
250,"Italian 20mm",100,2025-11-03T22:31:19.338941
251,"Italian 47mm",100,2025-11-03T22:31:19.338941
252,"Italian 75mm",100,2025-11-03T22:31:19.338941
253,"Junkers Ju 87B-2",100,2025-11-03T22:31:19.338941
253,"Junkers Ju 87B 2",80,2025-11-03T22:31:19.338941
253,"Junkers Ju 87B2",80,2025-11-03T22:31:19.338941
254,"Ju 52/3m",100,2025-11-03T22:31:19.338941
254,"Ju 52 3m",80,2025-11-03T22:31:19.338941
254,"Ju 52-3m",80,2025-11-03T22:31:19.338941
255,"Ju 87d-3/trop",100,2025-11-03T22:31:19.338941
255,"Ju 87d3/trop",80,2025-11-03T22:31:19.338941
255,"Ju 87d-3-trop",80,2025-11-03T22:31:19.338941
255,"Ju 87d-3 trop",80,2025-11-03T22:31:19.338941
255,"Ju 87d 3/trop",80,2025-11-03T22:31:19.338941
256,"Ju 88D",100,2025-11-03T22:31:19.338941
257,"Kãƒâ¼belwagen",100,2025-11-03T22:31:19.338941
258,"Lefh 18 10.5cm",100,2025-11-03T22:31:19.338941
258,"Lefh 18 105cm",80,2025-11-03T22:31:19.338941
259,"Leig 18",100,2025-11-03T22:31:19.338941
260,"Mercedes-benz L1500A",100,2025-11-03T22:31:19.338941
260,"Mercedesbenz L1500A",80,2025-11-03T22:31:19.338941
260,"Mercedes benz L1500A",80,2025-11-03T22:31:19.338941
261,"Mercedes-benz L3000A",100,2025-11-03T22:31:19.338941
261,"Mercedesbenz L3000A",80,2025-11-03T22:31:19.338941
261,"Mercedes benz L3000A",80,2025-11-03T22:31:19.338941
262,"Messerschmitt Bf 109E-4",100,2025-11-03T22:31:19.338941
262,"Messerschmitt Bf 109E4",80,2025-11-03T22:31:19.338941
262,"Messerschmitt Bf 109E 4",80,2025-11-03T22:31:19.338941
263,"Messerschmitt Bf 109E-7",100,2025-11-03T22:31:19.338941
263,"Messerschmitt Bf 109E7",80,2025-11-03T22:31:19.338941
263,"Messerschmitt Bf 109E 7",80,2025-11-03T22:31:19.338941
264,"Opel Blitz",100,2025-11-03T22:31:19.338941
265,"Other",100,2025-11-03T22:31:19.338941
266,"Pak 36",100,2025-11-03T22:31:19.338941
267,"Pak 38",100,2025-11-03T22:31:19.338941
268,"Pak 38 5.0cm",100,2025-11-03T22:31:19.338941
268,"Pak 38 50cm",80,2025-11-03T22:31:19.338941
269,"Pak 40",100,2025-11-03T22:31:19.338941
270,"Pak 40 7.5cm",100,2025-11-03T22:31:19.338941
270,"Pak 40 75cm",80,2025-11-03T22:31:19.338941
271,"Panzer III Ausf F",100,2025-11-03T22:31:19.338941
272,"Panzer III Ausf G",100,2025-11-03T22:31:19.338941
273,"Panzer III Ausf H",100,2025-11-03T22:31:19.338941
274,"Panzer III Ausf J",100,2025-11-03T22:31:19.338941
275,"Panzer III Ausf L",100,2025-11-03T22:31:19.338941
276,"Panzer III Ausf M",100,2025-11-03T22:31:19.338941
277,"Panzer III Command",100,2025-11-03T22:31:19.338941
278,"Panzer II Ausf A",100,2025-11-03T22:31:19.338941
279,"Panzer II Ausf C",100,2025-11-03T22:31:19.338941
280,"Panzer II Ausf F",100,2025-11-03T22:31:19.338941
281,"Panzer II Ausf L",100,2025-11-03T22:31:19.338941
282,"Panzer IV Ausf D",100,2025-11-03T22:31:19.338941
283,"Panzer IV Ausf E",100,2025-11-03T22:31:19.338941
284,"Panzer IV Ausf F1",100,2025-11-03T22:31:19.338941
285,"Panzer IV Ausf F2",100,2025-11-03T22:31:19.338941
286,"Panzer IV Ausf G",100,2025-11-03T22:31:19.338941
287,"Panzer IV Ausf H",100,2025-11-03T22:31:19.338941
288,"Panzer I Ausf A",100,2025-11-03T22:31:19.338941
289,"Panzer I Ausf B",100,2025-11-03T22:31:19.338941
290,"Panzer VI Tiger I",100,2025-11-03T22:31:19.338941
292,"SdKfz 10",100,2025-11-03T22:31:19.338941
293,"SdKfz 11",100,2025-11-03T22:31:19.338941
294,"SdKfz 222",100,2025-11-03T22:31:19.338941
295,"SdKfz 223",100,2025-11-03T22:31:19.338941
296,"SdKfz 231",100,2025-11-03T22:31:19.338941
297,"SdKfz 232 (8-rad)",100,2025-11-03T22:31:19.338941
297,"SdKfz 232 (8rad)",80,2025-11-03T22:31:19.338941
297,"SdKfz 232 (8 rad)",80,2025-11-03T22:31:19.338941
298,"SdKfz 232 (fu)",100,2025-11-03T22:31:19.338941
299,"SdKfz 250",100,2025-11-03T22:31:19.338941
300,"SdKfz 251",100,2025-11-03T22:31:19.338941
301,"SdKfz 251/1",100,2025-11-03T22:31:19.338941
301,"SdKfz 251 1",80,2025-11-03T22:31:19.338941
301,"SdKfz 251-1",80,2025-11-03T22:31:19.338941
302,"SdKfz 251/2",100,2025-11-03T22:31:19.338941
302,"SdKfz 251 2",80,2025-11-03T22:31:19.338941
302,"SdKfz 251-2",80,2025-11-03T22:31:19.338941
303,"SdKfz 251/3",100,2025-11-03T22:31:19.338941
303,"SdKfz 251 3",80,2025-11-03T22:31:19.338941
303,"SdKfz 251-3",80,2025-11-03T22:31:19.338941
304,"SdKfz 7",100,2025-11-03T22:31:19.338941
305,"SdKfz 9",100,2025-11-03T22:31:19.338941
306,"Sfh 18",100,2025-11-03T22:31:19.338941
307,"Sfh 18 15cm",100,2025-11-03T22:31:19.338941
308,"Tiger I",100,2025-11-03T22:31:19.338941
311,"Total Tanks",100,2025-11-03T22:31:19.338941
312,"Transport",100,2025-11-03T22:31:19.338941
313,"Workshop Vehicles",100,2025-11-03T22:31:19.338941
314,"Zündapp KS750",100,2025-11-03T22:31:19.338941
315,"100mm Howitzer",100,2025-11-03T22:31:19.338941
316,"100mm Mod 14",100,2025-11-03T22:31:19.338941
317,"100mm Mod 17",100,2025-11-03T22:31:19.338941
318,"100mm Mod 914",100,2025-11-03T22:31:19.338941
319,"100mm Obice DA 100/17 Modello 14",100,2025-11-03T22:31:19.338941
319,"100mm Obice DA 100-17 Modello 14",80,2025-11-03T22:31:19.338941
319,"100mm Obice DA 100 17 Modello 14",80,2025-11-03T22:31:19.338941
320,"149mm Cannone DA 149/35",100,2025-11-03T22:31:19.338941
320,"149mm Cannone DA 149 35",80,2025-11-03T22:31:19.338941
320,"149mm Cannone DA 149-35",80,2025-11-03T22:31:19.338941
321,"149mm Mod 37",100,2025-11-03T22:31:19.338941
322,"20mm Breda",100,2025-11-03T22:31:19.338941
323,"20mm Cannone DA 20/65",100,2025-11-03T22:31:19.338941
323,"20mm Cannone DA 20 65",80,2025-11-03T22:31:19.338941
323,"20mm Cannone DA 20-65",80,2025-11-03T22:31:19.338941
324,"37mm Cannone DA 37/45",100,2025-11-03T22:31:19.338941
324,"37mm Cannone DA 37-45",80,2025-11-03T22:31:19.338941
324,"37mm Cannone DA 37 45",80,2025-11-03T22:31:19.338941
325,"47mm AT",100,2025-11-03T22:31:19.338941
325,"47mm Anti-Tank",80,2025-11-03T22:31:19.338941
325,"47mm Anti Tank",80,2025-11-03T22:31:19.338941
326,"47mm Cannone DA 47/32 M35",100,2025-11-03T22:31:19.338941
326,"47mm Cannone DA 47-32 M35",80,2025-11-03T22:31:19.338941
326,"47mm Cannone DA 47 32 M35",80,2025-11-03T22:31:19.338941
327,"47mm L/32",100,2025-11-03T22:31:19.338941
327,"47mm L 32",80,2025-11-03T22:31:19.338941
327,"47mm L-32",80,2025-11-03T22:31:19.338941
328,"47mm L/40",100,2025-11-03T22:31:19.338941
328,"47mm L-40",80,2025-11-03T22:31:19.338941
328,"47mm L 40",80,2025-11-03T22:31:19.338941
329,"47mm Mod 37",100,2025-11-03T22:31:19.338941
330,"75mm Cannone DA 75/27 Modello 11",100,2025-11-03T22:31:19.338941
330,"75mm Cannone DA 75 27 Modello 11",80,2025-11-03T22:31:19.338941
330,"75mm Cannone DA 75-27 Modello 11",80,2025-11-03T22:31:19.338941
331,"75mm Cannone DA 75/46",100,2025-11-03T22:31:19.338941
331,"75mm Cannone DA 75-46",80,2025-11-03T22:31:19.338941
331,"75mm Cannone DA 75 46",80,2025-11-03T22:31:19.338941
332,"75mm Cannone DA 75/46 C.A.",100,2025-11-03T22:31:19.338941
332,"75mm Cannone DA 75 46 C.A.",80,2025-11-03T22:31:19.338941
332,"75mm Cannone DA 75/46 CA",80,2025-11-03T22:31:19.338941
332,"75mm Cannone DA 75-46 C.A.",80,2025-11-03T22:31:19.338941
333,"75mm Field Gun",100,2025-11-03T22:31:19.338941
334,"75mm Mod 34",100,2025-11-03T22:31:19.338941
335,"75mm Mod 35",100,2025-11-03T22:31:19.338941
336,"75mm Mod 911",100,2025-11-03T22:31:19.338941
337,"75mm Mod 934",100,2025-11-03T22:31:19.338941
338,"90mm Mod 939",100,2025-11-03T22:31:19.338941
339,"AB40",100,2025-11-03T22:31:19.338941
340,"AB41",100,2025-11-03T22:31:19.338941
341,"Alfa Romeo 6C 2500 Coloniale",100,2025-11-03T22:31:19.338941
342,"Alfa Romeo 800RE",100,2025-11-03T22:31:19.338941
345,"Benelli M36",100,2025-11-03T22:31:19.338941
347,"Cannone DA 20/65",100,2025-11-03T22:31:19.338941
347,"Cannone DA 20-65",80,2025-11-03T22:31:19.338941
347,"Cannone DA 20 65",80,2025-11-03T22:31:19.338941
348,"Cannone DA 47/32",100,2025-11-03T22:31:19.338941
348,"Cannone DA 47 32",80,2025-11-03T22:31:19.338941
348,"Cannone DA 47-32",80,2025-11-03T22:31:19.338941
349,"Cannone DA 75/27",100,2025-11-03T22:31:19.338941
349,"Cannone DA 75-27",80,2025-11-03T22:31:19.338941
349,"Cannone DA 75 27",80,2025-11-03T22:31:19.338941
350,"Cannone DA 75/46",100,2025-11-03T22:31:19.338941
350,"Cannone DA 75 46",80,2025-11-03T22:31:19.338941
350,"Cannone DA 75-46",80,2025-11-03T22:31:19.338941
351,"Cr42 Falco",100,2025-11-03T22:31:19.338941
352,"FIAT 508c Balilla",100,2025-11-03T22:31:19.338941
353,"FIAT 626",100,2025-11-03T22:31:19.338941
354,"FIAT 626 (all Variants)",100,2025-11-03T22:31:19.338941
355,"FIAT 626 BLM",100,2025-11-03T22:31:19.338941
356,"FIAT 626 NLM",100,2025-11-03T22:31:19.338941
357,"FIAT 626 Recovery",100,2025-11-03T22:31:19.338941
358,"FIAT 665NM",100,2025-11-03T22:31:19.338941
359,"FIAT 666",100,2025-11-03T22:31:19.338941
362,"Gilera Lte",100,2025-11-03T22:31:19.338941
363,"Isotta Fraschini D80",100,2025-11-03T22:31:19.338941
364,"L3/33",100,2025-11-03T22:31:19.338941
364,"L3-33",80,2025-11-03T22:31:19.338941
364,"L3 33",80,2025-11-03T22:31:19.338941
365,"L3/35",100,2025-11-03T22:31:19.338941
365,"L3 35",80,2025-11-03T22:31:19.338941
365,"L3-35",80,2025-11-03T22:31:19.338941
366,"L3/35 Tankette",100,2025-11-03T22:31:19.338941
366,"L3-35 Tankette",80,2025-11-03T22:31:19.338941
366,"L3 35 Tankette",80,2025-11-03T22:31:19.338941
367,"L6/40",100,2025-11-03T22:31:19.338941
367,"L6 40",80,2025-11-03T22:31:19.338941
367,"L6-40",80,2025-11-03T22:31:19.338941
368,"Lancia 3ro",100,2025-11-03T22:31:19.338941
369,"M11/39",100,2025-11-03T22:31:19.338941
369,"M11 39",85,2025-11-03T22:31:19.338941
369,"M11-39",80,2025-11-03T22:31:19.338941
370,"M11/39 Recovery",100,2025-11-03T22:31:19.338941
370,"M11 39 Recovery",80,2025-11-03T22:31:19.338941
370,"M11-39 Recovery",80,2025-11-03T22:31:19.338941
371,"M13/40",100,2025-11-03T22:31:19.338941
371,"M13 40",85,2025-11-03T22:31:19.338941
371,"M13-40",80,2025-11-03T22:31:19.338941
372,"M13/40 Serie I",100,2025-11-03T22:31:19.338941
372,"M13 40 Serie I",80,2025-11-03T22:31:19.338941
372,"M13-40 Serie I",80,2025-11-03T22:31:19.338941
373,"M13/40 Serie II",100,2025-11-03T22:31:19.338941
373,"M13-40 Serie II",80,2025-11-03T22:31:19.338941
373,"M13 40 Serie II",80,2025-11-03T22:31:19.338941
374,"M13/40 Serie III",100,2025-11-03T22:31:19.338941
374,"M13-40 Serie III",80,2025-11-03T22:31:19.338941
374,"M13 40 Serie III",80,2025-11-03T22:31:19.338941
375,"M14/41",100,2025-11-03T22:31:19.338941
375,"M14 41",85,2025-11-03T22:31:19.338941
375,"M14-41",80,2025-11-03T22:31:19.338941
376,"Moto Guzzi Alce",100,2025-11-03T22:31:19.338941
377,"Moto Guzzi Trialce",100,2025-11-03T22:31:19.338941
378,"Obice DA 100/17",100,2025-11-03T22:31:19.338941
378,"Obice DA 100 17",80,2025-11-03T22:31:19.338941
378,"Obice DA 100-17",80,2025-11-03T22:31:19.338941
379,"Obice DA 149/13",100,2025-11-03T22:31:19.338941
379,"Obice DA 149-13",80,2025-11-03T22:31:19.338941
379,"Obice DA 149 13",80,2025-11-03T22:31:19.338941
380,"OM Autocarretta 32",100,2025-11-03T22:31:19.338941
381,"OM Titano",100,2025-11-03T22:31:19.338941
383,"Ro37 Lince",100,2025-11-03T22:31:19.338941
384,"Semovente 75/18",100,2025-11-03T22:31:19.338941
384,"Semovente 75 18",80,2025-11-03T22:31:19.338941
384,"Semovente 75-18",80,2025-11-03T22:31:19.338941
385,"Sm79 Sparviero",100,2025-11-03T22:31:19.338941
386,"Sm81 Pipistrello",100,2025-11-03T22:31:19.338941
387,"SPA 38R",100,2025-11-03T22:31:19.338941
389,"105mm M2A1",100,2025-11-03T22:31:19.338941
390,"155mm M1",100,2025-11-03T22:31:19.338941
391,"37mm M3",100,2025-11-03T22:31:19.338941
392,"57mm M1",100,2025-11-03T22:31:19.338941
393,"90mm M1",100,2025-11-03T22:31:19.338941
394,"A-20G Havoc",100,2025-11-03T22:31:19.338941
394,"A 20G Havoc",80,2025-11-03T22:31:19.338941
394,"A20G Havoc",80,2025-11-03T22:31:19.338941
395,"Allis-chalmers M4",100,2025-11-03T22:31:19.338941
395,"Allischalmers M4",80,2025-11-03T22:31:19.338941
395,"Allis chalmers M4",80,2025-11-03T22:31:19.338941
396,"Autocar U-7144-T",100,2025-11-03T22:31:19.338941
396,"Autocar U7144T",80,2025-11-03T22:31:19.338941
396,"Autocar U 7144 T",80,2025-11-03T22:31:19.338941
397,"B-17F Flying Fortress",100,2025-11-03T22:31:19.338941
397,"B17F Flying Fortress",80,2025-11-03T22:31:19.338941
397,"B 17F Flying Fortress",80,2025-11-03T22:31:19.338941
398,"B-25C Mitchell",100,2025-11-03T22:31:19.338941
398,"B25C Mitchell",80,2025-11-03T22:31:19.338941
398,"B 25C Mitchell",80,2025-11-03T22:31:19.338941
399,"C-47 Skytrain",100,2025-11-03T22:31:19.338941
399,"C47 Skytrain",80,2025-11-03T22:31:19.338941
399,"C 47 Skytrain",80,2025-11-03T22:31:19.338941
400,"Chevrolet G506",100,2025-11-03T22:31:19.338941
401,"Diamond T 980",100,2025-11-03T22:31:19.338941
402,"Diamond T Workshop",100,2025-11-03T22:31:19.338941
403,"Dodge Command Car",100,2025-11-03T22:31:19.338941
404,"Dodge WC-51",100,2025-11-03T22:31:19.338941
404,"Dodge WC51",80,2025-11-03T22:31:19.338941
404,"Dodge WC 51",80,2025-11-03T22:31:19.338941
405,"Dodge WC-52",100,2025-11-03T22:31:19.338941
405,"Dodge WC52",80,2025-11-03T22:31:19.338941
405,"Dodge WC 52",80,2025-11-03T22:31:19.338941
406,"Dodge WC-53",100,2025-11-03T22:31:19.338941
406,"Dodge WC 53",80,2025-11-03T22:31:19.338941
406,"Dodge WC53",80,2025-11-03T22:31:19.338941
407,"Dodge WC-54",100,2025-11-03T22:31:19.338941
407,"Dodge WC54",80,2025-11-03T22:31:19.338941
407,"Dodge WC 54",80,2025-11-03T22:31:19.338941
408,"Dodge WC-56",100,2025-11-03T22:31:19.338941
408,"Dodge WC56",80,2025-11-03T22:31:19.338941
408,"Dodge WC 56",80,2025-11-03T22:31:19.338941
409,"Dodge WC-62",100,2025-11-03T22:31:19.338941
409,"Dodge WC 62",80,2025-11-03T22:31:19.338941
409,"Dodge WC62",80,2025-11-03T22:31:19.338941
412,"Dodge WC Series",100,2025-11-03T22:31:19.338941
413,"F-4 (P-38 Photo)",100,2025-11-03T22:31:19.338941
413,"F 4 (P 38 Photo)",80,2025-11-03T22:31:19.338941
413,"F4 (P38 Photo)",80,2025-11-03T22:31:19.338941
414,"F4F-4 Wildcat",100,2025-11-03T22:31:19.338941
414,"F4F4 Wildcat",80,2025-11-03T22:31:19.338941
414,"F4F 4 Wildcat",80,2025-11-03T22:31:19.338941
415,"Ford GPW",100,2025-11-03T22:31:19.338941
416,"Ford GTB",100,2025-11-03T22:31:19.338941
417,"GMC CCKW-352",100,2025-11-03T22:31:19.338941
417,"GMC CCKW352",80,2025-11-03T22:31:19.338941
417,"GMC CCKW 352",80,2025-11-03T22:31:19.338941
418,"GMC CCKW-353",100,2025-11-03T22:31:19.338941
418,"GMC CCKW 353",80,2025-11-03T22:31:19.338941
418,"GMC CCKW353",80,2025-11-03T22:31:19.338941
419,"GMC CCKW-354",100,2025-11-03T22:31:19.338941
419,"GMC CCKW 354",80,2025-11-03T22:31:19.338941
419,"GMC CCKW354",80,2025-11-03T22:31:19.338941
421,"GMC CCKW 6×6",100,2025-11-03T22:31:19.338941
422,"GMC Workshop Truck",100,2025-11-03T22:31:19.338941
423,"Harley-davidson WLA",100,2025-11-03T22:31:19.338941
423,"Harley davidson WLA",80,2025-11-03T22:31:19.338941
423,"Harleydavidson WLA",80,2025-11-03T22:31:19.338941
424,"Indian 741",100,2025-11-03T22:31:19.338941
425,"International M-5-6",100,2025-11-03T22:31:19.338941
425,"International M5-6",80,2025-11-03T22:31:19.338941
425,"International M 5-6",80,2025-11-03T22:31:19.338941
426,"International M-5-6-318",100,2025-11-03T22:31:19.338941
426,"International M 5-6-318",80,2025-11-03T22:31:19.338941
426,"International M 5-6 318",80,2025-11-03T22:31:19.338941
426,"International M5-6318",80,2025-11-03T22:31:19.338941
427,"Jeep Command",100,2025-11-03T22:31:19.338941
428,"Lee M3",100,2025-11-03T22:31:19.338941
429,"Lockheed P-38F Lightning",100,2025-11-03T22:31:19.338941
429,"Lockheed P 38F Lightning",80,2025-11-03T22:31:19.338941
429,"Lockheed P38F Lightning",80,2025-11-03T22:31:19.338941
430,"M10 Wolverine",100,2025-11-03T22:31:19.338941
431,"M1 155mm Howitzer",100,2025-11-03T22:31:19.338941
432,"M1 57mm AT Gun",100,2025-11-03T22:31:19.338941
432,"M1 57mm Anti Tank Gun",80,2025-11-03T22:31:19.338941
432,"M1 57mm Anti-Tank Gun",80,2025-11-03T22:31:19.338941
433,"M1 81mm Mortar",100,2025-11-03T22:31:19.338941
434,"M1 90mm AA Gun",100,2025-11-03T22:31:19.338941
434,"M1 90mm Anti Aircraft Gun",80,2025-11-03T22:31:19.338941
434,"M1 90mm Anti-Aircraft Gun",80,2025-11-03T22:31:19.338941
435,"M25 Tank Transporter",100,2025-11-03T22:31:19.338941
436,"M2A1 105mm Howitzer",100,2025-11-03T22:31:19.338941
437,"M2 40mm AA Gun",100,2025-11-03T22:31:19.338941
437,"M2 40mm Anti Aircraft Gun",80,2025-11-03T22:31:19.338941
437,"M2 40mm Anti-Aircraft Gun",80,2025-11-03T22:31:19.338941
438,"M2 Halftrack",100,2025-11-03T22:31:19.338941
439,"M31 Tank Recovery Vehicle",100,2025-11-03T22:31:19.338941
440,"M32 Tank Recovery Vehicle",100,2025-11-03T22:31:19.338941
441,"M3A1 Halftrack",100,2025-11-03T22:31:19.338941
442,"M3A1 Lee",100,2025-11-03T22:31:19.338941
443,"M3A1 Scout Car",100,2025-11-03T22:31:19.338941
444,"M3A1 Stuart",100,2025-11-03T22:31:19.338941
445,"M3 37mm AT Gun",100,2025-11-03T22:31:19.338941
445,"M3 37mm Anti-Tank Gun",80,2025-11-03T22:31:19.338941
445,"M3 37mm Anti Tank Gun",80,2025-11-03T22:31:19.338941
446,"M3 Command Halftrack",100,2025-11-03T22:31:19.338941
447,"M3 Halftrack",100,2025-11-03T22:31:19.338941
448,"M3 Lee",100,2025-11-03T22:31:19.338941
449,"M3 Lee/grant",100,2025-11-03T22:31:19.338941
449,"M3 Lee-grant",80,2025-11-03T22:31:19.338941
449,"M3 Lee grant",80,2025-11-03T22:31:19.338941
450,"M3 Scout Car",100,2025-11-03T22:31:19.338941
452,"M4A1 Sherman",100,2025-11-03T22:31:19.338941
453,"M4 Command Tank",100,2025-11-03T22:31:19.338941
454,"M4 High Speed Tractor",100,2025-11-03T22:31:19.338941
455,"M4 Sherman",100,2025-11-03T22:31:19.338941
456,"M5 High Speed Tractor",100,2025-11-03T22:31:19.338941
457,"M6 High Speed Tractor",100,2025-11-03T22:31:19.338941
458,"M8 Greyhound",100,2025-11-03T22:31:19.338941
459,"Mack NO",100,2025-11-03T22:31:19.338941
460,"Mack NR",100,2025-11-03T22:31:19.338941
461,"P-38G",100,2025-11-03T22:31:19.338941
461,"P 38G",80,2025-11-03T22:31:19.338941
461,"P38G",80,2025-11-03T22:31:19.338941
462,"P-38H",100,2025-11-03T22:31:19.338941
462,"P38H",80,2025-11-03T22:31:19.338941
462,"P 38H",80,2025-11-03T22:31:19.338941
463,"SBD-3 Dauntless",100,2025-11-03T22:31:19.338941
463,"SBD3 Dauntless",80,2025-11-03T22:31:19.338941
463,"SBD 3 Dauntless",80,2025-11-03T22:31:19.338941
466,"Studebaker US6",100,2025-11-03T22:31:19.338941
467,"Supermarine Spitfire Mk VB",100,2025-11-03T22:31:19.338941
468,"TBF-1 Avenger",100,2025-11-03T22:31:19.338941
468,"TBF 1 Avenger",80,2025-11-03T22:31:19.338941
468,"TBF1 Avenger",80,2025-11-03T22:31:19.338941
469,"Willys MB",100,2025-11-03T22:31:19.338941
470,"Char B1-bis",100,2025-11-03T22:31:19.338941
470,"Char B1 bis",80,2025-11-03T22:31:19.338941
470,"Char B1bis",80,2025-11-03T22:31:19.338941
471,"FCM 36",100,2025-11-03T22:31:19.338941
472,"FT-17 Light Tank",100,2025-11-03T22:31:19.338941
472,"FT17 Light Tank",80,2025-11-03T22:31:19.338941
472,"FT 17 Light Tank",80,2025-11-03T22:31:19.338941
473,"Hotchkiss H-39",100,2025-11-03T22:31:19.338941
473,"Hotchkiss H 39",80,2025-11-03T22:31:19.338941
474,"Renault R-35",100,2025-11-03T22:31:19.338941
474,"Renault R 35",80,2025-11-03T22:31:19.338941
475,"Somua S-35",100,2025-11-03T22:31:19.338941
475,"Somua S 35",80,2025-11-03T22:31:19.338941
476,"10.5cm leFH auf 39H(f)",100,2025-11-03T22:31:19.338941
476,"105cm leFH auf 39H(f)",80,2025-11-03T22:31:19.338941
477,"10.5cm leFH auf FCM(f)",100,2025-11-03T22:31:19.338941
477,"105cm leFH auf FCM(f)",80,2025-11-03T22:31:19.338941
478,"15cm auf GWL(f)",100,2025-11-03T22:31:19.338941
479,"15cm sIG33/2 auf Hetzer",100,2025-11-03T22:31:19.338941
479,"15cm sIG33 2 auf Hetzer",80,2025-11-03T22:31:19.338941
479,"15cm sIG33-2 auf Hetzer",80,2025-11-03T22:31:19.338941
480,"4.7cm (t) auf 35R(f)",100,2025-11-03T22:31:19.338941
480,"47cm (t) auf 35R(f)",80,2025-11-03T22:31:19.338941
481,"7.5cm PaK40 auf 39H(f)",100,2025-11-03T22:31:19.338941
481,"75cm PaK40 auf 39H(f)",80,2025-11-03T22:31:19.338941
482,"7.5cm PaK40 auf GWL(f)",100,2025-11-03T22:31:19.338941
482,"75cm PaK40 auf GWL(f)",80,2025-11-03T22:31:19.338941
483,"Aufklärer auf Fgst 38(t)",100,2025-11-03T22:31:19.338941
484,"Brummbar",100,2025-11-03T22:31:19.338941
485,"Elefant",100,2025-11-03T22:31:19.338941
486,"Flakpanzer 38(t)",100,2025-11-03T22:31:19.338941
487,"Grille (Ausf. H)",100,2025-11-03T22:31:19.338941
487,"Grille (Ausfuehrung H)",90,2025-11-03T22:31:19.338941
487,"Grille (Ausf H)",80,2025-11-03T22:31:19.338941
488,"Hetzer",100,2025-11-03T22:31:19.338941
489,"Hummel",100,2025-11-03T22:31:19.338941
490,"Jagdpanther",100,2025-11-03T22:31:19.338941
491,"Jagdpanzer IV",100,2025-11-03T22:31:19.338941
492,"Jagdtiger",100,2025-11-03T22:31:19.338941
493,"Kleiner PzBefwg IB",100,2025-11-03T22:31:19.338941
494,"Marder II",100,2025-11-03T22:31:19.338941
495,"Marder III (Ausf. M)",100,2025-11-03T22:31:19.338941
495,"Marder III (Ausfuehrung M)",90,2025-11-03T22:31:19.338941
495,"Marder III (Ausf M)",80,2025-11-03T22:31:19.338941
496,"Maus",100,2025-11-03T22:31:19.338941
497,"Nashorn",100,2025-11-03T22:31:19.338941
498,"Neubaufahrzueg",100,2025-11-03T22:31:19.338941
499,"Panther A",100,2025-11-03T22:31:19.338941
500,"Panther D",100,2025-11-03T22:31:19.338941
501,"Panther F",100,2025-11-03T22:31:19.338941
502,"Panther G",100,2025-11-03T22:31:19.338941
503,"Panzer IV/70 (A)",100,2025-11-03T22:31:19.338941
503,"Panzer IV-70 (A)",80,2025-11-03T22:31:19.338941
503,"Panzer IV 70 (A)",80,2025-11-03T22:31:19.338941
504,"Panzer IV/70 (V)",100,2025-11-03T22:31:19.338941
504,"Panzer IV-70 (V)",80,2025-11-03T22:31:19.338941
504,"Panzer IV 70 (V)",80,2025-11-03T22:31:19.338941
505,"Panzerjäger 38(t)",100,2025-11-03T22:31:19.338941
506,"Panzerjäger I",100,2025-11-03T22:31:19.338941
507,"PzKpfw 35(t)",100,2025-11-03T22:31:19.338941
508,"PzKpfw 38(t) Ausf. A",100,2025-11-03T22:31:19.338941
508,"PzKpfw 38(t) Ausfuehrung A",90,2025-11-03T22:31:19.338941
508,"PzKpfw 38(t) Ausf A",80,2025-11-03T22:31:19.338941
509,"PzKpfw 38(t) Ausf. E",100,2025-11-03T22:31:19.338941
509,"PzKpfw 38(t) Ausfuehrung E",90,2025-11-03T22:31:19.338941
509,"PzKpfw 38(t) Ausf E",80,2025-11-03T22:31:19.338941
510,"PzKpfw 38(t) neuer Art",100,2025-11-03T22:31:19.338941
511,"PzKpfw I Ausf. A",100,2025-11-03T22:31:19.338941
511,"PzKpfw I Ausfuehrung A",90,2025-11-03T22:31:19.338941
511,"PzKpfw I Ausf A",80,2025-11-03T22:31:19.338941
512,"PzKpfw I Ausf. B",100,2025-11-03T22:31:19.338941
512,"PzKpfw I Ausfuehrung B",90,2025-11-03T22:31:19.338941
512,"PzKpfw I Ausf B",80,2025-11-03T22:31:19.338941
513,"PzKpfw I Ausf. C",100,2025-11-03T22:31:19.338941
513,"PzKpfw I Ausfuehrung C",90,2025-11-03T22:31:19.338941
513,"PzKpfw I Ausf C",80,2025-11-03T22:31:19.338941
514,"PzKpfw I Ausf. F",100,2025-11-03T22:31:19.338941
514,"PzKpfw I Ausfuehrung F",90,2025-11-03T22:31:19.338941
514,"PzKpfw I Ausf F",80,2025-11-03T22:31:19.338941
515,"PzKpfw II Ausf. F",100,2025-11-03T22:31:19.338941
515,"PzKpfw II Ausfuehrung F",90,2025-11-03T22:31:19.338941
515,"PzKpfw II Ausf F",80,2025-11-03T22:31:19.338941
516,"PzKpfw II Ausf. L",100,2025-11-03T22:31:19.338941
516,"PzKpfw II Ausfuehrung L",90,2025-11-03T22:31:19.338941
516,"PzKpfw II Ausf L",80,2025-11-03T22:31:19.338941
517,"PzKpfw II Ausf. c",100,2025-11-03T22:31:19.338941
517,"PzKpfw II Ausfuehrung c",90,2025-11-03T22:31:19.338941
517,"PzKpfw II Ausf c",80,2025-11-03T22:31:19.338941
518,"PzKpfw III Ausf. F",100,2025-11-03T22:31:19.338941
518,"PzKpfw III Ausfuehrung F",90,2025-11-03T22:31:19.338941
518,"PzKpfw III Ausf F",80,2025-11-03T22:31:19.338941
519,"PzKpfw III Ausf. G",100,2025-11-03T22:31:19.338941
519,"PzKpfw III Ausfuehrung G",90,2025-11-03T22:31:19.338941
519,"PzKpfw III Ausf G",80,2025-11-03T22:31:19.338941
520,"PzKpfw III Ausf. H",100,2025-11-03T22:31:19.338941
520,"PzKpfw III Ausfuehrung H",90,2025-11-03T22:31:19.338941
520,"PzKpfw III Ausf H",80,2025-11-03T22:31:19.338941
521,"PzKpfw III Ausf. J",100,2025-11-03T22:31:19.338941
521,"PzKpfw III Ausfuehrung J",90,2025-11-03T22:31:19.338941
521,"PzKpfw III Ausf J",80,2025-11-03T22:31:19.338941
522,"PzKpfw III Ausf. L",100,2025-11-03T22:31:19.338941
522,"PzKpfw III Ausfuehrung L",90,2025-11-03T22:31:19.338941
522,"PzKpfw III Ausf L",80,2025-11-03T22:31:19.338941
523,"PzKpfw III Ausf. M",100,2025-11-03T22:31:19.338941
523,"PzKpfw III Ausfuehrung M",90,2025-11-03T22:31:19.338941
523,"PzKpfw III Ausf M",80,2025-11-03T22:31:19.338941
524,"PzKpfw III Ausf. N",100,2025-11-03T22:31:19.338941
524,"PzKpfw III Ausfuehrung N",90,2025-11-03T22:31:19.338941
524,"PzKpfw III Ausf N",80,2025-11-03T22:31:19.338941
525,"PzKpfw IV Ausf. A",100,2025-11-03T22:31:19.338941
525,"PzKpfw IV Ausfuehrung A",90,2025-11-03T22:31:19.338941
525,"PzKpfw IV Ausf A",80,2025-11-03T22:31:19.338941
526,"PzKpfw IV Ausf. C",100,2025-11-03T22:31:19.338941
526,"PzKpfw IV Ausfuehrung C",90,2025-11-03T22:31:19.338941
526,"PzKpfw IV Ausf C",80,2025-11-03T22:31:19.338941
527,"PzKpfw IV Ausf. D",100,2025-11-03T22:31:19.338941
527,"PzKpfw IV Ausfuehrung D",90,2025-11-03T22:31:19.338941
527,"PzKpfw IV Ausf D",80,2025-11-03T22:31:19.338941
528,"PzKpfw IV Ausf. F",100,2025-11-03T22:31:19.338941
528,"PzKpfw IV Ausfuehrung F",90,2025-11-03T22:31:19.338941
528,"PzKpfw IV Ausf F",80,2025-11-03T22:31:19.338941
529,"PzKpfw IV Ausf. F2",100,2025-11-03T22:31:19.338941
529,"PzKpfw IV Ausfuehrung F2",90,2025-11-03T22:31:19.338941
529,"PzKpfw IV Ausf F2",80,2025-11-03T22:31:19.338941
530,"PzKpfw IV Ausf. G",100,2025-11-03T22:31:19.338941
530,"PzKpfw IV Ausfuehrung G",90,2025-11-03T22:31:19.338941
530,"PzKpfw IV Ausf G",80,2025-11-03T22:31:19.338941
531,"PzKpfw IV Ausf. H",100,2025-11-03T22:31:19.338941
531,"PzKpfw IV Ausfuehrung H",90,2025-11-03T22:31:19.338941
531,"PzKpfw IV Ausf H",80,2025-11-03T22:31:19.338941
532,"PzKpfw IV Ausf. J",100,2025-11-03T22:31:19.338941
532,"PzKpfw IV Ausfuehrung J",90,2025-11-03T22:31:19.338941
532,"PzKpfw IV Ausf J",80,2025-11-03T22:31:19.338941
533,"StuG III Ausf. A",100,2025-11-03T22:31:19.338941
533,"StuG III Ausfuehrung A",90,2025-11-03T22:31:19.338941
533,"StuG III Ausf A",80,2025-11-03T22:31:19.338941
534,"StuG III Ausf. B",100,2025-11-03T22:31:19.338941
534,"StuG III Ausfuehrung B",90,2025-11-03T22:31:19.338941
534,"StuG III Ausf B",80,2025-11-03T22:31:19.338941
535,"StuG III Ausf. D",100,2025-11-03T22:31:19.338941
535,"StuG III Ausfuehrung D",90,2025-11-03T22:31:19.338941
535,"StuG III Ausf D",80,2025-11-03T22:31:19.338941
536,"StuG III Ausf. E",100,2025-11-03T22:31:19.338941
536,"StuG III Ausfuehrung E",90,2025-11-03T22:31:19.338941
536,"StuG III Ausf E",80,2025-11-03T22:31:19.338941
537,"StuG III Ausf. F",100,2025-11-03T22:31:19.338941
537,"StuG III Ausfuehrung F",90,2025-11-03T22:31:19.338941
537,"StuG III Ausf F",80,2025-11-03T22:31:19.338941
538,"StuG III Ausf. G",100,2025-11-03T22:31:19.338941
538,"StuG III Ausfuehrung G",90,2025-11-03T22:31:19.338941
538,"StuG III Ausf G",80,2025-11-03T22:31:19.338941
539,"Sturmgeschutz IV",100,2025-11-03T22:31:19.338941
540,"Sturmtiger",100,2025-11-03T22:31:19.338941
542,"Tiger II",100,2025-11-03T22:31:19.338941
543,"Wespe",100,2025-11-03T22:31:19.338941
544,"sIG 33B",100,2025-11-03T22:31:19.338941
545,"Toldi I",100,2025-11-03T22:31:19.338941
546,"Toldi III",100,2025-11-03T22:31:19.338941
547,"Toldi IIa",100,2025-11-03T22:31:19.338941
548,"Turan I",100,2025-11-03T22:31:19.338941
549,"Turan II",100,2025-11-03T22:31:19.338941
550,"Zrinyi II",100,2025-11-03T22:31:19.338941
551,"Carro Commando M41",100,2025-11-03T22:31:19.338941
552,"L3/35 20mm",100,2025-11-03T22:31:19.338941
552,"L3-35 20mm",80,2025-11-03T22:31:19.338941
552,"L3 35 20mm",80,2025-11-03T22:31:19.338941
556,"M15/42",100,2025-11-03T22:31:19.338941
556,"M15 42",85,2025-11-03T22:31:19.338941
556,"M15-42",80,2025-11-03T22:31:19.338941
557,"P40",100,2025-11-03T22:31:19.338941
558,"Semovente L40 da 47/32",100,2025-11-03T22:31:19.338941
558,"Semovente L40 da 47 32",80,2025-11-03T22:31:19.338941
558,"Semovente L40 da 47-32",80,2025-11-03T22:31:19.338941
559,"Semovente M40 da 75/18",100,2025-11-03T22:31:19.338941
559,"Semovente M40 da 75-18",80,2025-11-03T22:31:19.338941
559,"Semovente M40 da 75 18",80,2025-11-03T22:31:19.338941
560,"Semovente M41M da 90/53",100,2025-11-03T22:31:19.338941
560,"Semovente M41M da 90 53",80,2025-11-03T22:31:19.338941
560,"Semovente M41M da 90-53",80,2025-11-03T22:31:19.338941
561,"Semovente M42 da 75/34",100,2025-11-03T22:31:19.338941
561,"Semovente M42 da 75 34",80,2025-11-03T22:31:19.338941
561,"Semovente M42 da 75-34",80,2025-11-03T22:31:19.338941
562,"Semovente M43 da 105/25",100,2025-11-03T22:31:19.338941
562,"Semovente M43 da 105 25",80,2025-11-03T22:31:19.338941
562,"Semovente M43 da 105-25",80,2025-11-03T22:31:19.338941
563,"Ho-Ni I",100,2025-11-03T22:31:19.338941
563,"Ho Ni I",80,2025-11-03T22:31:19.338941
563,"HoNi I",80,2025-11-03T22:31:19.338941
564,"Ho-Ni II",100,2025-11-03T22:31:19.338941
564,"HoNi II",80,2025-11-03T22:31:19.338941
564,"Ho Ni II",80,2025-11-03T22:31:19.338941
565,"Ho-Ni III",100,2025-11-03T22:31:19.338941
565,"Ho Ni III",80,2025-11-03T22:31:19.338941
565,"HoNi III",80,2025-11-03T22:31:19.338941
566,"Ho-Ro",100,2025-11-03T22:31:19.338941
566,"HoRo",80,2025-11-03T22:31:19.338941
566,"Ho Ro",80,2025-11-03T22:31:19.338941
567,"Type 1 Chi-He",100,2025-11-03T22:31:19.338941
567,"Type 1 ChiHe",80,2025-11-03T22:31:19.338941
567,"Type 1 Chi He",80,2025-11-03T22:31:19.338941
568,"Type 2 Ho-I",100,2025-11-03T22:31:19.338941
568,"Type 2 Ho I",80,2025-11-03T22:31:19.338941
568,"Type 2 HoI",80,2025-11-03T22:31:19.338941
569,"Type 2 Ka-Mi",100,2025-11-03T22:31:19.338941
569,"Type 2 KaMi",80,2025-11-03T22:31:19.338941
569,"Type 2 Ka Mi",80,2025-11-03T22:31:19.338941
570,"Type 2 Ke-To",100,2025-11-03T22:31:19.338941
570,"Type 2 Ke To",80,2025-11-03T22:31:19.338941
570,"Type 2 KeTo",80,2025-11-03T22:31:19.338941
571,"Type 3 Chi-Nu",100,2025-11-03T22:31:19.338941
571,"Type 3 ChiNu",80,2025-11-03T22:31:19.338941
571,"Type 3 Chi Nu",80,2025-11-03T22:31:19.338941
572,"Type 3 Ka-Chi",100,2025-11-03T22:31:19.338941
572,"Type 3 KaChi",80,2025-11-03T22:31:19.338941
572,"Type 3 Ka Chi",80,2025-11-03T22:31:19.338941
573,"Type 4 Chi-To",100,2025-11-03T22:31:19.338941
573,"Type 4 Chi To",80,2025-11-03T22:31:19.338941
573,"Type 4 ChiTo",80,2025-11-03T22:31:19.338941
574,"Type 5 Chi-Ri",100,2025-11-03T22:31:19.338941
574,"Type 5 Chi Ri",80,2025-11-03T22:31:19.338941
574,"Type 5 ChiRi",80,2025-11-03T22:31:19.338941
575,"Type 5 Ke-Ho",100,2025-11-03T22:31:19.338941
575,"Type 5 Ke Ho",80,2025-11-03T22:31:19.338941
575,"Type 5 KeHo",80,2025-11-03T22:31:19.338941
576,"Type 89A Chi-Ro",100,2025-11-03T22:31:19.338941
576,"Type 89A Chi Ro",80,2025-11-03T22:31:19.338941
576,"Type 89A ChiRo",80,2025-11-03T22:31:19.338941
577,"Type 89B Chi-Ro",100,2025-11-03T22:31:19.338941
577,"Type 89B Chi Ro",80,2025-11-03T22:31:19.338941
577,"Type 89B ChiRo",80,2025-11-03T22:31:19.338941
578,"Type 92",100,2025-11-03T22:31:19.338941
579,"Type 94",100,2025-11-03T22:31:19.338941
580,"Type 95 Kyu-Go",100,2025-11-03T22:31:19.338941
580,"Type 95 Kyu Go",80,2025-11-03T22:31:19.338941
580,"Type 95 KyuGo",80,2025-11-03T22:31:19.338941
581,"Type 97 Chi-Ha",100,2025-11-03T22:31:19.338941
581,"Type 97 ChiHa",80,2025-11-03T22:31:19.338941
581,"Type 97 Chi Ha",80,2025-11-03T22:31:19.338941
582,"Type 97 Shinhoto Chi-Ha",100,2025-11-03T22:31:19.338941
582,"Type 97 Shinhoto Chi Ha",80,2025-11-03T22:31:19.338941
582,"Type 97 Shinhoto ChiHa",80,2025-11-03T22:31:19.338941
583,"Type 97 Te-Ke",100,2025-11-03T22:31:19.338941
583,"Type 97 TeKe",80,2025-11-03T22:31:19.338941
583,"Type 97 Te Ke",80,2025-11-03T22:31:19.338941
584,"Type 98A Ke-Ni",100,2025-11-03T22:31:19.338941
584,"Type 98A Ke Ni",80,2025-11-03T22:31:19.338941
584,"Type 98A KeNi",80,2025-11-03T22:31:19.338941
585,"TACAM R-2",100,2025-11-03T22:31:19.338941
585,"TACAM R2",80,2025-11-03T22:31:19.338941
585,"TACAM R 2",80,2025-11-03T22:31:19.338941
586,"TACAM T-60",100,2025-11-03T22:31:19.338941
586,"TACAM T60",80,2025-11-03T22:31:19.338941
586,"TACAM T 60",80,2025-11-03T22:31:19.339941
587,"Achilles IIC",100,2025-11-03T22:31:19.339941
588,"Archer",100,2025-11-03T22:31:19.339941
589,"Challenger",100,2025-11-03T22:31:19.339941
590,"Churchill Mk. I",100,2025-11-03T22:31:19.339941
590,"Churchill Mk I",80,2025-11-03T22:31:19.339941
590,"Churchill Mark I",80,2025-11-03T22:31:19.339941
591,"Churchill Mk. IV",100,2025-11-03T22:31:19.339941
591,"Churchill Mark IV",80,2025-11-03T22:31:19.339941
592,"Churchill Mk. VII",100,2025-11-03T22:31:19.339941
592,"Churchill Mk VII",80,2025-11-03T22:31:19.339941
592,"Churchill Mark VII",80,2025-11-03T22:31:19.339941
593,"Comet",100,2025-11-03T22:31:19.339941
594,"Cromwell Mk. I",100,2025-11-03T22:31:19.339941
594,"Cromwell Mk I",80,2025-11-03T22:31:19.339941
594,"Cromwell Mark I",80,2025-11-03T22:31:19.339941
595,"Cromwell Mk. IV",100,2025-11-03T22:31:19.339941
595,"Cromwell Mark IV",80,2025-11-03T22:31:19.339941
595,"Cromwell Mk IV",80,2025-11-03T22:31:19.339941
596,"Crusader Mk. I",100,2025-11-03T22:31:19.339941
596,"Crusader Mark I",80,2025-11-03T22:31:19.339941
597,"Crusader Mk. II",100,2025-11-03T22:31:19.339941
597,"Crusader Mark II",80,2025-11-03T22:31:19.339941
598,"Crusader Mk. III",100,2025-11-03T22:31:19.339941
598,"Crusader Mark III",80,2025-11-03T22:31:19.339941
599,"Grant I",100,2025-11-03T22:31:19.339941
600,"Mark I",100,2025-11-03T22:31:19.339941
601,"Mark II",100,2025-11-03T22:31:19.339941
602,"Mark III",100,2025-11-03T22:31:19.339941
603,"Mark IVA",100,2025-11-03T22:31:19.339941
604,"Mark VIB",100,2025-11-03T22:31:19.339941
605,"Mark VII Tetrarch",100,2025-11-03T22:31:19.339941
606,"Matilda Mk. III",100,2025-11-03T22:31:19.339941
606,"Matilda Mark III",80,2025-11-03T22:31:19.339941
606,"Matilda Mk III",80,2025-11-03T22:31:19.339941
607,"Sherman VC Firefly",100,2025-11-03T22:31:19.339941
608,"Valantine Mk. II",100,2025-11-03T22:31:19.339941
608,"Valantine Mark II",80,2025-11-03T22:31:19.339941
608,"Valantine Mk II",80,2025-11-03T22:31:19.339941
609,"3 inch GMC M10",100,2025-11-03T22:31:19.339941
610,"90mm GMC M36",100,2025-11-03T22:31:19.339941
611,"M18 Hellcat",100,2025-11-03T22:31:19.339941
612,"M22 Locust",100,2025-11-03T22:31:19.339941
613,"M24 Chaffee",100,2025-11-03T22:31:19.339941
614,"M26 Pershing",100,2025-11-03T22:31:19.339941
619,"M3A3 Lee",100,2025-11-03T22:31:19.339941
620,"M3A3 Stuart",100,2025-11-03T22:31:19.339941
621,"M3A4 Lee",100,2025-11-03T22:31:19.339941
624,"M4A1(76)W Sherman",100,2025-11-03T22:31:19.339941
625,"M4A2 Sherman",100,2025-11-03T22:31:19.339941
626,"M4A2(76)W Sherman",100,2025-11-03T22:31:19.339941
627,"M4A3 Sherman",100,2025-11-03T22:31:19.339941
628,"M4A3(75)W Sherman",100,2025-11-03T22:31:19.339941
629,"M4A3(76)W HVSS Sherman",100,2025-11-03T22:31:19.339941
630,"M4A3E2 Sherman",100,2025-11-03T22:31:19.339941
631,"M4A4 Sherman",100,2025-11-03T22:31:19.339941
632,"M5A1 Stuart",100,2025-11-03T22:31:19.339941
633,"BT-2 Model 1932",100,2025-11-03T22:31:19.339941
633,"BT 2 Model 1932",80,2025-11-03T22:31:19.339941
633,"BT2 Model 1932",80,2025-11-03T22:31:19.339941
634,"BT-5 Model 1934",100,2025-11-03T22:31:19.339941
634,"BT5 Model 1934",80,2025-11-03T22:31:19.339941
634,"BT 5 Model 1934",80,2025-11-03T22:31:19.339941
635,"BT-7 Model 1937",100,2025-11-03T22:31:19.339941
635,"BT7 Model 1937",80,2025-11-03T22:31:19.339941
635,"BT 7 Model 1937",80,2025-11-03T22:31:19.339941
636,"IS-1",100,2025-11-03T22:31:19.339941
636,"IS 1",80,2025-11-03T22:31:19.339941
636,"IS1",80,2025-11-03T22:31:19.339941
637,"IS-2 Model 1944",100,2025-11-03T22:31:19.339941
637,"IS2 Model 1944",80,2025-11-03T22:31:19.339941
637,"IS 2 Model 1944",80,2025-11-03T22:31:19.339941
638,"IS-3 Model 1945",100,2025-11-03T22:31:19.339941
638,"IS 3 Model 1945",80,2025-11-03T22:31:19.339941
638,"IS3 Model 1945",80,2025-11-03T22:31:19.339941
639,"ISU-122",100,2025-11-03T22:31:19.339941
639,"ISU122",80,2025-11-03T22:31:19.339941
639,"ISU 122",80,2025-11-03T22:31:19.339941
640,"ISU-122S",100,2025-11-03T22:31:19.339941
640,"ISU 122S",80,2025-11-03T22:31:19.339941
640,"ISU122S",80,2025-11-03T22:31:19.339941
641,"ISU-152",100,2025-11-03T22:31:19.339941
641,"ISU152",80,2025-11-03T22:31:19.339941
641,"ISU 152",80,2025-11-03T22:31:19.339941
642,"KV-1 Model 1939",100,2025-11-03T22:31:19.339941
642,"KV 1 Model 1939",80,2025-11-03T22:31:19.339941
642,"KV1 Model 1939",80,2025-11-03T22:31:19.339941
643,"KV-1 Model 1941",100,2025-11-03T22:31:19.339941
643,"KV1 Model 1941",80,2025-11-03T22:31:19.339941
643,"KV 1 Model 1941",80,2025-11-03T22:31:19.339941
644,"KV-1E Model 1940",100,2025-11-03T22:31:19.339941
644,"KV 1E Model 1940",80,2025-11-03T22:31:19.339941
644,"KV1E Model 1940",80,2025-11-03T22:31:19.339941
645,"KV-1s",100,2025-11-03T22:31:19.339941
645,"KV 1s",80,2025-11-03T22:31:19.339941
645,"KV1s",80,2025-11-03T22:31:19.339941
646,"KV-2 Model 1940",100,2025-11-03T22:31:19.339941
646,"KV2 Model 1940",80,2025-11-03T22:31:19.339941
646,"KV 2 Model 1940",80,2025-11-03T22:31:19.339941
647,"KV-85",100,2025-11-03T22:31:19.339941
647,"KV85",80,2025-11-03T22:31:19.339941
647,"KV 85",80,2025-11-03T22:31:19.339941
648,"OT-133",100,2025-11-03T22:31:19.339941
648,"OT 133",80,2025-11-03T22:31:19.339941
648,"OT133",80,2025-11-03T22:31:19.339941
649,"SMK",100,2025-11-03T22:31:19.339941
650,"SU-100",100,2025-11-03T22:31:19.339941
650,"SU100",80,2025-11-03T22:31:19.339941
650,"SU 100",80,2025-11-03T22:31:19.339941
651,"SU-122 Model 1943",100,2025-11-03T22:31:19.339941
651,"SU 122 Model 1943",80,2025-11-03T22:31:19.339941
651,"SU122 Model 1943",80,2025-11-03T22:31:19.339941
652,"SU-152",100,2025-11-03T22:31:19.339941
652,"SU 152",80,2025-11-03T22:31:19.339941
652,"SU152",80,2025-11-03T22:31:19.339941
653,"SU-76",100,2025-11-03T22:31:19.339941
653,"SU 76",80,2025-11-03T22:31:19.339941
653,"SU76",80,2025-11-03T22:31:19.339941
654,"SU-76M",100,2025-11-03T22:31:19.339941
654,"SU76M",80,2025-11-03T22:31:19.339941
654,"SU 76M",80,2025-11-03T22:31:19.339941
655,"SU-85",100,2025-11-03T22:31:19.339941
655,"SU85",80,2025-11-03T22:31:19.339941
655,"SU 85",80,2025-11-03T22:31:19.339941
656,"T-24",100,2025-11-03T22:31:19.339941
656,"T24",80,2025-11-03T22:31:19.339941
656,"T 24",80,2025-11-03T22:31:19.339941
657,"T-26 Model 1933",100,2025-11-03T22:31:19.339941
657,"T 26 Model 1933",80,2025-11-03T22:31:19.339941
657,"T26 Model 1933",80,2025-11-03T22:31:19.339941
658,"T-26S Model 1937",100,2025-11-03T22:31:19.339941
658,"T26S Model 1937",80,2025-11-03T22:31:19.339941
658,"T 26S Model 1937",80,2025-11-03T22:31:19.339941
659,"T-26S Model 1939",100,2025-11-03T22:31:19.339941
659,"T26S Model 1939",80,2025-11-03T22:31:19.339941
659,"T 26S Model 1939",80,2025-11-03T22:31:19.339941
660,"T-27A",100,2025-11-03T22:31:19.339941
660,"T 27A",80,2025-11-03T22:31:19.339941
660,"T27A",80,2025-11-03T22:31:19.339941
661,"T-28 Model 1934",100,2025-11-03T22:31:19.339941
661,"T 28 Model 1934",80,2025-11-03T22:31:19.339941
661,"T28 Model 1934",80,2025-11-03T22:31:19.339941
662,"T-34-76 Model 1940",100,2025-11-03T22:31:19.339941
662,"T 34 76 Model 1940",80,2025-11-03T22:31:19.339941
662,"T3476 Model 1940",80,2025-11-03T22:31:19.339941
663,"T-34-76 Model 1941",100,2025-11-03T22:31:19.339941
663,"T3476 Model 1941",80,2025-11-03T22:31:19.339941
663,"T 34 76 Model 1941",80,2025-11-03T22:31:19.339941
664,"T-34-76 Model 1942",100,2025-11-03T22:31:19.339941
664,"T 34 76 Model 1942",80,2025-11-03T22:31:19.339941
664,"T3476 Model 1942",80,2025-11-03T22:31:19.339941
665,"T-34-76 Model 1943",100,2025-11-03T22:31:19.339941
665,"T 34 76 Model 1943",80,2025-11-03T22:31:19.339941
665,"T3476 Model 1943",80,2025-11-03T22:31:19.339941
666,"T-34-85 Model 1943",100,2025-11-03T22:31:19.339941
666,"T 34 85 Model 1943",80,2025-11-03T22:31:19.339941
666,"T3485 Model 1943",80,2025-11-03T22:31:19.339941
667,"T-34-85 Model 1944",100,2025-11-03T22:31:19.339941
667,"T3485 Model 1944",80,2025-11-03T22:31:19.339941
667,"T 34 85 Model 1944",80,2025-11-03T22:31:19.339941
668,"T-35 Model 1935",100,2025-11-03T22:31:19.339941
668,"T 35 Model 1935",80,2025-11-03T22:31:19.339941
668,"T35 Model 1935",80,2025-11-03T22:31:19.339941
669,"T-35 Model 1938",100,2025-11-03T22:31:19.339941
669,"T 35 Model 1938",80,2025-11-03T22:31:19.339941
669,"T35 Model 1938",80,2025-11-03T22:31:19.339941
670,"T-37A",100,2025-11-03T22:31:19.339941
670,"T 37A",80,2025-11-03T22:31:19.339941
670,"T37A",80,2025-11-03T22:31:19.339941
671,"T-38",100,2025-11-03T22:31:19.339941
671,"T38",80,2025-11-03T22:31:19.339941
671,"T 38",80,2025-11-03T22:31:19.339941
672,"T-40",100,2025-11-03T22:31:19.339941
672,"T 40",80,2025-11-03T22:31:19.339941
672,"T40",80,2025-11-03T22:31:19.339941
673,"T-43",100,2025-11-03T22:31:19.339941
673,"T43",80,2025-11-03T22:31:19.339941
673,"T 43",80,2025-11-03T22:31:19.339941
674,"T-44",100,2025-11-03T22:31:19.339941
674,"T44",80,2025-11-03T22:31:19.339941
674,"T 44",80,2025-11-03T22:31:19.339941
675,"T-50",100,2025-11-03T22:31:19.339941
675,"T 50",80,2025-11-03T22:31:19.339941
675,"T50",80,2025-11-03T22:31:19.339941
676,"T-60 Model 1941",100,2025-11-03T22:31:19.339941
676,"T 60 Model 1941",80,2025-11-03T22:31:19.339941
676,"T60 Model 1941",80,2025-11-03T22:31:19.339941
677,"T-60 Model 1942",100,2025-11-03T22:31:19.339941
677,"T60 Model 1942",80,2025-11-03T22:31:19.339941
677,"T 60 Model 1942",80,2025-11-03T22:31:19.339941
678,"T-70 Model 1942",100,2025-11-03T22:31:19.339941
678,"T70 Model 1942",80,2025-11-03T22:31:19.339941
678,"T 70 Model 1942",80,2025-11-03T22:31:19.339941
679,"T-70 Model 1943",100,2025-11-03T22:31:19.339941
679,"T70 Model 1943",80,2025-11-03T22:31:19.339941
679,"T 70 Model 1943",80,2025-11-03T22:31:19.339941
681,"T18E2 Armoured Car",100,2025-11-03T22:31:19.339941
682,"AEC Armoured Car Mark I",100,2025-11-03T22:31:19.339941
683,"AEC Armoured Car Mark II",100,2025-11-03T22:31:19.339941
684,"AEC Armoured Car Mark III",100,2025-11-03T22:31:19.339941
685,"Antitank SP17pdr M10",100,2025-11-03T22:31:19.339941
686,"Antitank SP76mm M10",100,2025-11-03T22:31:19.339941
687,"Armadillo MkIII",100,2025-11-03T22:31:19.339941
688,"Beaverette MKI",100,2025-11-03T22:31:19.339941
689,"Beaverette MKII",100,2025-11-03T22:31:19.339941
690,"Beaverette MKIII",100,2025-11-03T22:31:19.339941
691,"Bishop 25 pdr",100,2025-11-03T22:31:19.339941
691,"Bishop 25-pounder",80,2025-11-03T22:31:19.339941
691,"Bishop 25pdr",80,2025-11-03T22:31:19.339941
691,"Bishop 25 pounder",80,2025-11-03T22:31:19.339941
692,"Bison",100,2025-11-03T22:31:19.339941
693,"Carden-Lloyd Mk VI",100,2025-11-03T22:31:19.339941
693,"CardenLloyd Mk VI",80,2025-11-03T22:31:19.339941
693,"Carden Lloyd Mk VI",80,2025-11-03T22:31:19.339941
694,"Carrier AEC 6pdr Gun Mk I",100,2025-11-03T22:31:19.339941
694,"Carrier AEC 6-pounder Gun Mk I",80,2025-11-03T22:31:19.339941
694,"Carrier AEC 6 pounder Gun Mk I",80,2025-11-03T22:31:19.339941
695,"Carrier Churchill 3 inch Gun Mk I",100,2025-11-03T22:31:19.339941
696,"Cruiser MK VIII",100,2025-11-03T22:31:19.339941
697,"Cruiser Mk I",100,2025-11-03T22:31:19.339941
698,"Cruiser Mk I C.S.",100,2025-11-03T22:31:19.339941
698,"Cruiser Mk I CS",80,2025-11-03T22:31:19.339941
699,"Cruiser Mk II",100,2025-11-03T22:31:19.339941
700,"Cruiser Mk IIA",100,2025-11-03T22:31:19.339941
701,"Cruiser Mk IIA C.S.",100,2025-11-03T22:31:19.339941
701,"Cruiser Mk IIA CS",80,2025-11-03T22:31:19.339941
702,"Cruiser Mk III",100,2025-11-03T22:31:19.339941
703,"Cruiser Mk IV",100,2025-11-03T22:31:19.339941
704,"Cruiser Mk IVA",100,2025-11-03T22:31:19.339941
705,"Cruiser Mk V",100,2025-11-03T22:31:19.339941
706,"Cruiser Mk VI",100,2025-11-03T22:31:19.339941
707,"Cruiser Mk VII",100,2025-11-03T22:31:19.339941
708,"Cruiser Mk VIII",100,2025-11-03T22:31:19.339941
709,"Cruiser Tank",100,2025-11-03T22:31:19.339941
710,"Daimler Armoured Car MkI, II",100,2025-11-03T22:31:19.339941
711,"Daimler MkI, II, III",100,2025-11-03T22:31:19.339941
712,"Gun Self-Propelled 17pdr",100,2025-11-03T22:31:19.339941
712,"Gun Self-Propelled 17 pounder",80,2025-11-03T22:31:19.339941
712,"Gun Self Propelled 17pdr",80,2025-11-03T22:31:19.339941
712,"Gun Self-Propelled 17-pounder",80,2025-11-03T22:31:19.339941
712,"Gun SelfPropelled 17pdr",80,2025-11-03T22:31:19.339941
713,"Gun Self Propelled 17pdr A 30",80,2025-11-03T22:31:19.339941
713,"Gun SelfPropelled 17pdr A30",80,2025-11-03T22:31:19.339941
713,"Gun Self-Propelled 17-pounder A-30",80,2025-11-03T22:31:19.339941
713,"Gun Self-Propelled 17 pounder A-30",80,2025-11-03T22:31:19.339941
713,"Gun Self-Propelled 17pdr A-30",80,2025-11-03T22:31:19.339941
714,"Guy Armoured Car MK I",100,2025-11-03T22:31:19.339941
715,"Guy Armoured Car MK IA",100,2025-11-03T22:31:19.339941
716,"Humber Armoured Car Mk I / Mk II /Mk III",100,2025-11-03T22:31:19.339941
717,"Humber Armoured Car Mk IV",100,2025-11-03T22:31:19.339941
718,"Inf Tank Mk I",100,2025-11-03T22:31:19.339941
719,"Inf Tank Mk II",100,2025-11-03T22:31:19.339941
720,"Inf Tank Mk II C.S.",100,2025-11-03T22:31:19.339941
720,"Inf Tank Mk II CS",80,2025-11-03T22:31:19.339941
721,"Inf Tank Mk III",100,2025-11-03T22:31:19.339941
722,"Inf Tank Mk IV",100,2025-11-03T22:31:19.339941
723,"Lanchester 6x4",100,2025-11-03T22:31:19.339941
724,"Light Tank M3",100,2025-11-03T22:31:19.339941
725,"Light Tank M3 (Stuart II)",100,2025-11-03T22:31:19.339941
726,"Light Tank M3A1 (Stuart III)",100,2025-11-03T22:31:19.339941
727,"Light Tank M3A3 (Stuart V)",100,2025-11-03T22:31:19.339941
728,"Light Tank M5 (Stuart VI)",100,2025-11-03T22:31:19.339941
729,"Light Tank M5A1",100,2025-11-03T22:31:19.339941
730,"Light Tank MK I",100,2025-11-03T22:31:19.339941
731,"Light Tank Mk II /Mk IIA /Mk IIB",100,2025-11-03T22:31:19.339941
732,"Light Tank Mk III",100,2025-11-03T22:31:19.339941
733,"Light Tank Mk IV",100,2025-11-03T22:31:19.339941
734,"Light Tank Mk V",100,2025-11-03T22:31:19.339941
735,"Light Tank Mk VI /Mk VIA /Mk VIB",100,2025-11-03T22:31:19.339941
736,"Light Tank Mk VI AA",100,2025-11-03T22:31:19.339941
736,"Light Tank Mk VI Anti-Aircraft",80,2025-11-03T22:31:19.339941
736,"Light Tank Mk VI Anti Aircraft",80,2025-11-03T22:31:19.339941
737,"Light Tank Mk VII ICS",100,2025-11-03T22:31:19.339941
738,"Light Tank Mk VII Tetrarch",100,2025-11-03T22:31:19.339941
739,"Light Tank Mk VIII",100,2025-11-03T22:31:19.339941
741,"M3 Grant Command Tank",100,2025-11-03T22:31:19.339941
742,"Marmon Herrington",100,2025-11-03T22:31:19.339941
743,"Medium M4",100,2025-11-03T22:31:19.339941
744,"Medium M4A1",100,2025-11-03T22:31:19.339941
745,"Medium M4A1 76mm",100,2025-11-03T22:31:19.339941
746,"Medium M4A2",100,2025-11-03T22:31:19.339941
747,"Medium M4A2 76mm",100,2025-11-03T22:31:19.339941
748,"Medium M4A3 76mm",100,2025-11-03T22:31:19.339941
749,"Medium M4A4",100,2025-11-03T22:31:19.339941
750,"Medium M4A6",100,2025-11-03T22:31:19.339941
751,"Morris CS9/LAC",100,2025-11-03T22:31:19.339941
751,"Morris CS9-LAC",80,2025-11-03T22:31:19.339941
751,"Morris CS9 LAC",80,2025-11-03T22:31:19.339941
752,"Morris MkII Light reconnaissance car",100,2025-11-03T22:31:19.339941
753,"Rolls-Royce Armoured Car",100,2025-11-03T22:31:19.339941
753,"RollsRoyce Armoured Car",80,2025-11-03T22:31:19.339941
753,"Rolls Royce Armoured Car",80,2025-11-03T22:31:19.339941
754,"Sexton 25pdr",100,2025-11-03T22:31:19.339941
754,"Sexton 25-pounder",80,2025-11-03T22:31:19.339941
754,"Sexton 25 pounder",80,2025-11-03T22:31:19.339941
755,"Sherman 17 pdr gun",100,2025-11-03T22:31:19.339941
755,"Sherman 17-pounder gun",80,2025-11-03T22:31:19.339941
755,"Sherman 17pdr gun",80,2025-11-03T22:31:19.339941
755,"Sherman 17 pounder gun",80,2025-11-03T22:31:19.339941
756,"T17E1 Armoured Car",100,2025-11-03T22:31:19.339941
757,"T17E2 Staghound Armoured Car",100,2025-11-03T22:31:19.339941
759,"Vickers Mk I",100,2025-11-03T22:31:19.339941
760,"Vickers Mk IIA",100,2025-11-03T22:31:19.339941
761,"Vickers Mk IIA.C.S",100,2025-11-03T22:31:19.339941
761,"Vickers Mk IIACS",80,2025-11-03T22:31:19.339941
762,"Cruiser Mk VIII (Cromwell I A27M)",100,2025-11-03T22:31:19.339941
763,"Cruiser Mk VIII (Cromwell II)",100,2025-11-03T22:31:19.339941
764,"Cruiser Mk VIII (Cromwell III)",100,2025-11-03T22:31:19.339941
765,"Cruiser Mk VIII (Cromwell IV)",100,2025-11-03T22:31:19.339941
766,"Cruiser Mk VIII (Cromwell V)",100,2025-11-03T22:31:19.339941
767,"Cruiser Mk VIII (Cromwell VI)",100,2025-11-03T22:31:19.339941
768,"Cruiser Mk VIII (Cromwell VII)",100,2025-11-03T22:31:19.339941
769,"Grizzly I",100,2025-11-03T22:31:19.339941
770,"Kangaroo",100,2025-11-03T22:31:19.339941
771,"Medium M4A3",100,2025-11-03T22:31:19.339941
772,"Ram Mk I",100,2025-11-03T22:31:19.339941
773,"Ram Mk II",100,2025-11-03T22:31:19.339941
774,"Ram Mk II Command/OP",100,2025-11-03T22:31:19.339941
774,"Ram Mk II Command-OP",80,2025-11-03T22:31:19.339941
774,"Ram Mk II Command OP",80,2025-11-03T22:31:19.339941
775,"AH-IV (CKD/Praga)",100,2025-11-03T22:31:19.339941
775,"AH IV (CKD/Praga)",80,2025-11-03T22:31:19.339941
775,"AH-IV (CKD Praga)",80,2025-11-03T22:31:19.339941
775,"AH-IV (CKD-Praga)",80,2025-11-03T22:31:19.339941
775,"AHIV (CKD/Praga)",80,2025-11-03T22:31:19.339941
776,"AH-IV-Sv (CKD/Praga)",100,2025-11-03T22:31:19.339941
776,"AH IV Sv (CKD/Praga)",80,2025-11-03T22:31:19.339941
776,"AHIVSv (CKD/Praga)",80,2025-11-03T22:31:19.339941
776,"AH-IV-Sv (CKD-Praga)",80,2025-11-03T22:31:19.339941
776,"AH-IV-Sv (CKD Praga)",80,2025-11-03T22:31:19.339941
777,"LT-34 (CKD/Praga P-II)",100,2025-11-03T22:31:19.339941
777,"LT-34 (CKD Praga P-II)",80,2025-11-03T22:31:19.339941
777,"LT34 (CKD/Praga PII)",80,2025-11-03T22:31:19.339941
777,"LT 34 (CKD/Praga P II)",80,2025-11-03T22:31:19.339941
777,"LT-34 (CKD-Praga P-II)",80,2025-11-03T22:31:19.339941
778,"LT-35(Skoda S-IIa/T-II)",100,2025-11-03T22:31:19.339941
778,"LT-35(Skoda S-IIa-T-II)",80,2025-11-03T22:31:19.339941
778,"LT35(Skoda SIIa/TII)",80,2025-11-03T22:31:19.339941
778,"LT-35(Skoda S-IIa T-II)",80,2025-11-03T22:31:19.339941
778,"LT 35(Skoda S IIa/T II)",80,2025-11-03T22:31:19.339941
779,"LT-38 TNHP",100,2025-11-03T22:31:19.339941
779,"LT 38 TNHP",80,2025-11-03T22:31:19.339941
779,"LT38 TNHP",80,2025-11-03T22:31:19.339941
780,"R-I (CKD/Praga)",100,2025-11-03T22:31:19.339941
780,"R I (CKD/Praga)",80,2025-11-03T22:31:19.339941
780,"RI (CKD/Praga)",80,2025-11-03T22:31:19.339941
780,"R-I (CKD Praga)",80,2025-11-03T22:31:19.339941
780,"R-I (CKD-Praga)",80,2025-11-03T22:31:19.339941
781,"S-ld (Skoda)",100,2025-11-03T22:31:19.339941
781,"Sld (Skoda)",80,2025-11-03T22:31:19.339941
781,"S ld (Skoda)",80,2025-11-03T22:31:19.339941
782,"T-33 (CKD/Praga P-I)",100,2025-11-03T22:31:19.339941
782,"T-33 (CKD-Praga P-I)",80,2025-11-03T22:31:19.339941
782,"T33 (CKD/Praga PI)",80,2025-11-03T22:31:19.339941
782,"T 33 (CKD/Praga P I)",80,2025-11-03T22:31:19.339941
782,"T-33 (CKD Praga P-I)",80,2025-11-03T22:31:19.339941
783,"AMC 34",100,2025-11-03T22:31:19.339941
784,"AMC 35 (AGC-1)",100,2025-11-03T22:31:19.339941
784,"AMC 35 (AGC1)",80,2025-11-03T22:31:19.339941
784,"AMC 35 (AGC 1)",80,2025-11-03T22:31:19.339941
785,"AMC 35 (AGC-2)",100,2025-11-03T22:31:19.339941
785,"AMC 35 (AGC 2)",80,2025-11-03T22:31:19.339941
785,"AMC 35 (AGC2)",80,2025-11-03T22:31:19.339941
786,"AMD 165",100,2025-11-03T22:31:19.339941
787,"AMD 175",100,2025-11-03T22:31:19.339941
788,"AMD 178",100,2025-11-03T22:31:19.339941
789,"AMD 179",100,2025-11-03T22:31:19.339941
790,"AMR33 (Renault Type VM)",100,2025-11-03T22:31:19.339941
791,"AMR35 (ZT)",100,2025-11-03T22:31:19.339941
792,"AMR35 (ZT1)",100,2025-11-03T22:31:19.339941
793,"AMR35 (ZT2)",100,2025-11-03T22:31:19.339941
794,"AMR40",100,2025-11-03T22:31:19.339941
795,"Automitrailleuse (White)",100,2025-11-03T22:31:19.339941
796,"Char 2C",100,2025-11-03T22:31:19.339941
797,"Char 2C - Bis",100,2025-11-03T22:31:19.339941
798,"Char B1",100,2025-11-03T22:31:19.339941
799,"Char B1-Bis",100,2025-11-03T22:31:19.339941
799,"Char B1 Bis",80,2025-11-03T22:31:19.339941
799,"Char B1Bis",80,2025-11-03T22:31:19.339941
800,"Char D1",100,2025-11-03T22:31:19.339941
801,"Char D2",100,2025-11-03T22:31:19.339941
802,"Char Leger FCM-36",100,2025-11-03T22:31:19.339941
802,"Char Leger FCM36",80,2025-11-03T22:31:19.339941
802,"Char Leger FCM 36",80,2025-11-03T22:31:19.339941
803,"Char Leger H-35",100,2025-11-03T22:31:19.339941
803,"Char Leger H 35",80,2025-11-03T22:31:19.339941
803,"Char Leger H35",80,2025-11-03T22:31:19.339941
804,"Char Leger H-38",100,2025-11-03T22:31:19.339941
804,"Char Leger H38",80,2025-11-03T22:31:19.339941
804,"Char Leger H 38",80,2025-11-03T22:31:19.339941
805,"Char Leger H-39",100,2025-11-03T22:31:19.339941
805,"Char Leger H 39",80,2025-11-03T22:31:19.339941
805,"Char Leger H39",80,2025-11-03T22:31:19.339941
806,"Char S-35",100,2025-11-03T22:31:19.339941
806,"Char S 35",80,2025-11-03T22:31:19.339941
806,"Char S35",80,2025-11-03T22:31:19.339941
807,"Renault FT 17",100,2025-11-03T22:31:19.339941
808,"Renault FT 17 Char Canon",100,2025-11-03T22:31:19.339941
809,"Renault FT 17 Char Canon BS",100,2025-11-03T22:31:19.339941
810,"Renault FT 17 TSF",100,2025-11-03T22:31:19.339941
811,"Renault FT Kegresse-Hinstin M24/25",100,2025-11-03T22:31:19.339941
811,"Renault FT Kegresse Hinstin M24/25",80,2025-11-03T22:31:19.339941
811,"Renault FT KegresseHinstin M24/25",80,2025-11-03T22:31:19.339941
811,"Renault FT Kegresse-Hinstin M24-25",80,2025-11-03T22:31:19.339941
811,"Renault FT Kegresse-Hinstin M24 25",80,2025-11-03T22:31:19.339941
812,"Renault FT Kegresse-Hinstin M26/27",100,2025-11-03T22:31:19.339941
812,"Renault FT Kegresse-Hinstin M26-27",80,2025-11-03T22:31:19.339941
812,"Renault FT KegresseHinstin M26/27",80,2025-11-03T22:31:19.339941
812,"Renault FT Kegresse Hinstin M26/27",80,2025-11-03T22:31:19.339941
812,"Renault FT Kegresse-Hinstin M26 27",80,2025-11-03T22:31:19.339941
813,"10.5cm le.F.H 18/2 Gw II(A,B,C,F)",100,2025-11-03T22:31:19.339941
813,"10.5cm le.F.H 18-2 Gw II(A,B,C,F)",80,2025-11-03T22:31:19.339941
813,"105cm leFH 18/2 Gw II(A,B,C,F)",80,2025-11-03T22:31:19.339941
813,"10.5cm le.F.H 18 2 Gw II(A,B,C,F)",80,2025-11-03T22:31:19.339941
814,"15cm Nebelwerfer 42 auf Schwere Wermachtschlepper",100,2025-11-03T22:31:19.339941
815,"15cm sIG 33 Gw II",100,2025-11-03T22:31:19.339941
816,"15cm sIG Gw 38 front engine ausf M",100,2025-11-03T22:31:19.339941
817,"15cm sIG Gw 38(t)",100,2025-11-03T22:31:19.339941
818,"2cm Flak 30 L/55 Gw 38",100,2025-11-03T22:31:19.339941
818,"2cm Flak 30 L-55 Gw 38",80,2025-11-03T22:31:19.339941
818,"2cm Flak 30 L 55 Gw 38",80,2025-11-03T22:31:19.339941
819,"2cm Flak auf Fahrgestell Zugkraftwagen 1t",100,2025-11-03T22:31:19.339941
820,"2cm Flakvierling 36 auf Fahrgestell Zugkraftwagen 8t",100,2025-11-03T22:31:19.339941
821,"2cm Kwk L/55 Gw 38 Aufklarungspanzer",100,2025-11-03T22:31:19.339941
821,"2cm Kwk L-55 Gw 38 Aufklarungspanzer",80,2025-11-03T22:31:19.339941
821,"2cm Kwk L 55 Gw 38 Aufklarungspanzer",80,2025-11-03T22:31:19.339941
822,"3.7cm Flak 43 auf Schwere Wermachtschlepper",100,2025-11-03T22:31:19.339941
822,"37cm Flak 43 auf Schwere Wermachtschlepper",80,2025-11-03T22:31:19.339941
823,"3.7cm Flak36 auf Fahrgestell Zugkraftwagen 5t",100,2025-11-03T22:31:19.339941
823,"37cm Flak36 auf Fahrgestell Zugkraftwagen 5t",80,2025-11-03T22:31:19.339941
824,"3.7cm Flak36 auf Fahrgestell Zugkraftwagen 8t",100,2025-11-03T22:31:19.339941
824,"37cm Flak36 auf Fahrgestell Zugkraftwagen 8t",80,2025-11-03T22:31:19.339941
825,"3.7cm Pak 35/36 Fahrgestell Bren",100,2025-11-03T22:31:19.339941
825,"3.7cm Pak 35-36 Fahrgestell Bren",80,2025-11-03T22:31:19.339941
825,"3.7cm Pak 35 36 Fahrgestell Bren",80,2025-11-03T22:31:19.339941
825,"37cm Pak 35/36 Fahrgestell Bren",80,2025-11-03T22:31:19.339941
826,"3.7cm Pak 35/36 Infantrie Schlepper",100,2025-11-03T22:31:19.339941
826,"37cm Pak 35/36 Infantrie Schlepper",80,2025-11-03T22:31:19.339941
826,"3.7cm Pak 35-36 Infantrie Schlepper",80,2025-11-03T22:31:19.339941
826,"3.7cm Pak 35 36 Infantrie Schlepper",80,2025-11-03T22:31:19.339941
827,"3.7cm Pak 35/36 auf Zugkraftwagen 1t",100,2025-11-03T22:31:19.339941
827,"3.7cm Pak 35 36 auf Zugkraftwagen 1t",80,2025-11-03T22:31:19.339941
827,"3.7cm Pak 35-36 auf Zugkraftwagen 1t",80,2025-11-03T22:31:19.339941
827,"37cm Pak 35/36 auf Zugkraftwagen 1t",80,2025-11-03T22:31:19.339941
828,"4.7cm Pak 181(f) Lorraine Schlepper(f)",100,2025-11-03T22:31:19.339941
828,"47cm Pak 181(f) Lorraine Schlepper(f)",80,2025-11-03T22:31:19.339941
829,"4.7cm Pak auf PzKpfw 35R(f)",80,2025-11-03T22:31:19.339941
829,"47cm Pak auf PzKpfw 35R(f)",80,2025-11-03T22:31:19.339941
830,"5cm Pak 38 auf Zugkraftwagen 1t",100,2025-11-03T22:31:19.339941
831,"7.5cm Pak 39 Jagdpanzer 38(t)",100,2025-11-03T22:31:19.339941
831,"75cm Pak 39 Jagdpanzer 38(t)",80,2025-11-03T22:31:19.339941
832,"7.5cm Pak 40 auf G.W.39H(f)",100,2025-11-03T22:31:19.339941
832,"75cm Pak 40 auf GW39H(f)",80,2025-11-03T22:31:19.339941
833,"7.5cm Pak 40/1 auf RSO (Sf)",100,2025-11-03T22:31:19.339941
833,"7.5cm Pak 40-1 auf RSO (Sf)",80,2025-11-03T22:31:19.339941
833,"7.5cm Pak 40 1 auf RSO (Sf)",80,2025-11-03T22:31:19.339941
833,"75cm Pak 40/1 auf RSO (Sf)",80,2025-11-03T22:31:19.339941
834,"7.5cm Pak 40/2 Gw II(A,B,C,F)",100,2025-11-03T22:31:19.339941
834,"7.5cm Pak 40 2 Gw II(A,B,C,F)",80,2025-11-03T22:31:19.339941
834,"7.5cm Pak 40-2 Gw II(A,B,C,F)",80,2025-11-03T22:31:19.339941
834,"75cm Pak 40/2 Gw II(A,B,C,F)",80,2025-11-03T22:31:19.339941
835,"7.5cm Pak 40/3 L/46 Gw 38(t)f Ausf H",100,2025-11-03T22:31:19.339941
835,"7.5cm Pak 40-3 L-46 Gw 38(t)f Ausf H",80,2025-11-03T22:31:19.339941
835,"75cm Pak 40/3 L/46 Gw 38(t)f Ausf H",80,2025-11-03T22:31:19.339941
835,"7.5cm Pak 40 3 L 46 Gw 38(t)f Ausf H",80,2025-11-03T22:31:19.339941
836,"7.5cm Pak 40/3 L/46 Gw 38(t)r Ausf M",100,2025-11-03T22:31:19.339941
836,"7.5cm Pak 40 3 L 46 Gw 38(t)r Ausf M",80,2025-11-03T22:31:19.339941
836,"75cm Pak 40/3 L/46 Gw 38(t)r Ausf M",80,2025-11-03T22:31:19.339941
836,"7.5cm Pak 40-3 L-46 Gw 38(t)r Ausf M",80,2025-11-03T22:31:19.339941
837,"7.62cm FK36(r) auf Panzerjager Selbstfahrlafette Zugkraftwagen 5t",100,2025-11-03T22:31:19.339941
837,"762cm FK36(r) auf Panzerjager Selbstfahrlafette Zugkraftwagen 5t",80,2025-11-03T22:31:19.339941
838,"7.62cm Pak 36(r) Gw 38(t)",100,2025-11-03T22:31:19.339941
838,"762cm Pak 36(r) Gw 38(t)",80,2025-11-03T22:31:19.339941
839,"7.62cm Pak 36(r) Gw II(A,B,C,F)",100,2025-11-03T22:31:19.339941
839,"762cm Pak 36(r) Gw II(A,B,C,F)",80,2025-11-03T22:31:19.339941
840,"8.8cm FlaK18(Sfl) auf Zugkraftwagen 12t",100,2025-11-03T22:31:19.339941
840,"88cm FlaK18(Sfl) auf Zugkraftwagen 12t",80,2025-11-03T22:31:19.339941
841,"8.8cm FlaK18(Sfl) auf Zugkraftwagen 18t",100,2025-11-03T22:31:19.339941
841,"88cm FlaK18(Sfl) auf Zugkraftwagen 18t",80,2025-11-03T22:31:19.339941
842,"Befehlspanzer (Tiger)",100,2025-11-03T22:31:19.339941
843,"Beobachtungspanzer (Panther)",100,2025-11-03T22:31:19.339941
844,"Bergepanzer 38(t)",100,2025-11-03T22:31:19.339941
845,"Bergepanzer Tiger(P)",100,2025-11-03T22:31:19.339941
846,"Bergpanzer (Panther) SdKfz 179",80,2025-11-03T22:31:19.339941
847,"Bergpanzer (Tiger)",100,2025-11-03T22:31:19.339941
848,"Bergpanzer III",100,2025-11-03T22:31:19.339941
849,"Flakpanzer IV 2cm",100,2025-11-03T22:31:19.339941
850,"Flakpanzer IV 3.7cm",100,2025-11-03T22:31:19.339941
850,"Flakpanzer IV 37cm",80,2025-11-03T22:31:19.339941
851,"Flammpanzer 38",100,2025-11-03T22:31:19.339941
852,"Jagdpanther SdKfz 173",100,2025-11-03T22:31:19.339941
853,"Jagdpanzer IV (7.5cm Kwk 42 L 70) SdKfz 192",80,2025-11-03T22:31:19.339941
853,"Jagdpanzer IV (75cm Kwk 42 L/70) SdKfz 192",80,2025-11-03T22:31:19.339941
853,"Jagdpanzer IV (7.5cm Kwk 42 L-70) SdKfz 192",80,2025-11-03T22:31:19.339941
853,"Jagdpanzer IV (7.5cm Kwk 42 L/70) SdKfz 192",80,2025-11-03T22:31:19.339941
854,"Jagdpanzer IV (7.5cm Pak 39 L-48) SdKfz 162",80,2025-11-03T22:31:19.339941
854,"Jagdpanzer IV (75cm Pak 39 L/48) SdKfz 162",80,2025-11-03T22:31:19.339941
854,"Jagdpanzer IV (7.5cm Pak 39 L 48) SdKfz 162",80,2025-11-03T22:31:19.339941
854,"Jagdpanzer IV (7.5cm Pak 39 L/48) SdKfz 162",80,2025-11-03T22:31:19.339941
855,"Jagdpanzer IV (7.5cm StuK 42 L/70) SdKfz 162/1",80,2025-11-03T22:31:19.339941
855,"Jagdpanzer IV (75cm StuK 42 L/70) SdKfz 162/1",80,2025-11-03T22:31:19.339941
855,"Jagdpanzer IV (7.5cm StuK 42 L 70) SdKfz 162 1",80,2025-11-03T22:31:19.339941
855,"Jagdpanzer IV (7.5cm StuK 42 L-70) SdKfz 162-1",80,2025-11-03T22:31:19.339941
856,"Jagdtiger SdKfz 186",80,2025-11-03T22:31:19.339941
857,"Kfz 13",100,2025-11-03T22:31:19.339941
858,"Kfz 14",100,2025-11-03T22:31:19.339941
859,"Munitionspanzer 38 Ausf K",100,2025-11-03T22:31:19.339941
860,"Neubaufahrzeug",100,2025-11-03T22:31:19.339941
861,"Neubaufahrzeug development",100,2025-11-03T22:31:19.339941
862,"Panzerbeobachtungswagen III",100,2025-11-03T22:31:19.339941
863,"Panzerjager Tiger(P) (Elephant) SdKfz 184",80,2025-11-03T22:31:19.339941
864,"Pz.Bef.Wg (Panther) SdKfz 267/268",100,2025-11-03T22:31:19.339941
864,"Panzer Bef.Wg (Panther) SdKfz 267/268",80,2025-11-03T22:31:19.339941
864,"Pz.Bef.Wg (Panther) SdKfz 267 268",80,2025-11-03T22:31:19.339941
864,"Pz.Bef.Wg (Panther) SdKfz 267-268",80,2025-11-03T22:31:19.339941
864,"PzBefWg (Panther) SdKfz 267/268",80,2025-11-03T22:31:19.339941
864,"Pz Bef.Wg (Panther) SdKfz 267/268",80,2025-11-03T22:31:19.339941
865,"Pz.Bef.Wg III Ausf D",100,2025-11-03T22:31:19.339941
865,"PzBefWg III Ausf D",80,2025-11-03T22:31:19.339941
865,"Pz Bef.Wg III Ausf D",80,2025-11-03T22:31:19.339941
865,"Panzer Bef.Wg III Ausf D",80,2025-11-03T22:31:19.339941
866,"Pz.Bef.Wg III Ausf E",100,2025-11-03T22:31:19.339941
866,"Pz Bef.Wg III Ausf E",80,2025-11-03T22:31:19.339941
866,"PzBefWg III Ausf E",80,2025-11-03T22:31:19.339941
866,"Panzer Bef.Wg III Ausf E",80,2025-11-03T22:31:19.339941
867,"Pz.Bef.Wg III Ausf H",100,2025-11-03T22:31:19.339941
867,"Panzer Bef.Wg III Ausf H",80,2025-11-03T22:31:19.339941
867,"Pz Bef.Wg III Ausf H",80,2025-11-03T22:31:19.339941
867,"PzBefWg III Ausf H",80,2025-11-03T22:31:19.339941
868,"Pz.Bef.Wg III Ausf K",100,2025-11-03T22:31:19.339941
868,"Panzer Bef.Wg III Ausf K",80,2025-11-03T22:31:19.339941
868,"Pz Bef.Wg III Ausf K",80,2025-11-03T22:31:19.339941
868,"PzBefWg III Ausf K",80,2025-11-03T22:31:19.339941
869,"PzKpfw 35(t) Artillerie Schlepper",100,2025-11-03T22:31:19.339941
871,"PzKpfw 38(t) Ausf B,C,D",100,2025-11-03T22:31:19.339941
872,"PzKpfw 38(t) Ausf E,F",100,2025-11-03T22:31:19.339941
873,"PzKpfw 38(t) Ausf G",100,2025-11-03T22:31:19.339941
874,"PzKpfw 38(t) Ausf S",100,2025-11-03T22:31:19.339941
876,"PzKpfw I Ausf A Flammenwerfer",100,2025-11-03T22:31:19.339941
877,"PzKpfw I Ausf A Munitionsschlepper auf",100,2025-11-03T22:31:19.339941
879,"PzKpfw I Ausf B 15cm sIG33(Sf)",100,2025-11-03T22:31:19.339941
880,"PzKpfw I Ausf B 4.7cm Pak (t) (Sf)",100,2025-11-03T22:31:19.339941
880,"PzKpfw I Ausf B 47cm Pak (t) (Sf)",80,2025-11-03T22:31:19.339941
881,"PzKpfw I Ausf B ohne Aufbau",100,2025-11-03T22:31:19.339941
884,"PzKpfw I Kleiner Panzerbefehlswagen I",100,2025-11-03T22:31:19.339941
885,"PzKpfw II Ausf A,B,C",100,2025-11-03T22:31:19.339941
886,"PzKpfw II Ausf D,E",100,2025-11-03T22:31:19.339941
888,"PzKpfw II Ausf G",100,2025-11-03T22:31:19.339941
889,"PzKpfw II Ausf J",100,2025-11-03T22:31:19.339941
891,"PzKpfw II Ausf a1,a2,a3",100,2025-11-03T22:31:19.339941
892,"PzKpfw II Ausf b",100,2025-11-03T22:31:19.339941
894,"PzKpfw II Flammpanzer II",100,2025-11-03T22:31:19.339941
895,"PzKpfw III Ausf A",100,2025-11-03T22:31:19.339941
896,"PzKpfw III Ausf B",100,2025-11-03T22:31:19.339941
897,"PzKpfw III Ausf C",100,2025-11-03T22:31:19.339941
898,"PzKpfw III Ausf D",100,2025-11-03T22:31:19.339941
899,"PzKpfw III Ausf E",100,2025-11-03T22:31:19.339941
907,"PzKpfw III Flammpanzer III",100,2025-11-03T22:31:19.339941
908,"PzKpfw IV Ausf A SdKfz 161",80,2025-11-03T22:31:19.339941
909,"PzKpfw IV Ausf B SdKfz 161",80,2025-11-03T22:31:19.339941
910,"PzKpfw IV Ausf C SdKfz 161",80,2025-11-03T22:31:19.339941
911,"PzKpfw IV Ausf D SdKfz 161",80,2025-11-03T22:31:19.339941
912,"PzKpfw IV Ausf E SdKfz 161",80,2025-11-03T22:31:19.339941
913,"PzKpfw IV Ausf F SdKfz 161",80,2025-11-03T22:31:19.339941
914,"PzKpfw IV Ausf F2 SdKfz 161 1",80,2025-11-03T22:31:19.339941
914,"PzKpfw IV Ausf F2 SdKfz 161-1",80,2025-11-03T22:31:19.339941
914,"PzKpfw IV Ausf F2 SdKfz 161/1",80,2025-11-03T22:31:19.339941
915,"PzKpfw IV Ausf G SdKfz 161-1",80,2025-11-03T22:31:19.339941
915,"PzKpfw IV Ausf G SdKfz 161 1",80,2025-11-03T22:31:19.339941
915,"PzKpfw IV Ausf G SdKfz 161/1",80,2025-11-03T22:31:19.339941
916,"PzKpfw IV Ausf H SdKfz 161/2",100,2025-11-03T22:31:19.339941
916,"PzKpfw IV Ausf H SdKfz 161 2",80,2025-11-03T22:31:19.339941
916,"PzKpfw IV Ausf H SdKfz 161-2",80,2025-11-03T22:31:19.339941
917,"PzKpfw IV Ausf J SdKfz 161/2",80,2025-11-03T22:31:19.339941
917,"PzKpfw IV Ausf J SdKfz 161 2",80,2025-11-03T22:31:19.339941
917,"PzKpfw IV Ausf J SdKfz 161-2",80,2025-11-03T22:31:19.339941
918,"PzKpfw V Ausf A (Panther) SdKfz 171",80,2025-11-03T22:31:19.339941
919,"PzKpfw V Ausf D2 (Panther) SdKfz 171",80,2025-11-03T22:31:19.339941
920,"PzKpfw V Ausf G (Panther) SdKfz 171",80,2025-11-03T22:31:19.339941
921,"PzKpfw VI Ausf E (Tiger) SdKfz 181",80,2025-11-03T22:31:19.339941
922,"PzKpfw VI Tiger II Ausf B(Henschel) SdKfz 182",80,2025-11-03T22:31:19.339941
923,"PzKpfw VI Tiger II Ausf B(Porsche) SdKfz 182",80,2025-11-03T22:31:19.339941
924,"Schwere Wermachtschlepper",100,2025-11-03T22:31:19.339941
925,"SdKfz 135 7.5cm Pak 40/1 (Marder I) (f)",100,2025-11-03T22:31:19.339941
925,"SdKfz 135 75cm Pak 40/1 (Marder I) (f)",80,2025-11-03T22:31:19.339941
925,"SdKfz 135 7.5cm Pak 40-1 (Marder I) (f)",80,2025-11-03T22:31:19.339941
925,"SdKfz 135 7.5cm Pak 40 1 (Marder I) (f)",80,2025-11-03T22:31:19.339941
926,"SdKfz 164 8.8cm Pak 43/1 Gw III/IV",100,2025-11-03T22:31:19.339941
926,"SdKfz 164 88cm Pak 43/1 Gw III/IV",80,2025-11-03T22:31:19.339941
926,"SdKfz 164 8.8cm Pak 43 1 Gw III IV",80,2025-11-03T22:31:19.339941
926,"SdKfz 164 8.8cm Pak 43-1 Gw III-IV",80,2025-11-03T22:31:19.339941
927,"SdKfz 165 15cm PzfH 18 Gw III/IV",100,2025-11-03T22:31:19.339941
927,"SdKfz 165 15cm PzfH 18 Gw III IV",80,2025-11-03T22:31:19.339941
927,"SdKfz 165 15cm PzfH 18 Gw III-IV",80,2025-11-03T22:31:19.339941
928,"SdKfz 221",100,2025-11-03T22:31:19.339941
931,"SdKfz 231 Schwere Panzerspähwagen",100,2025-11-03T22:31:19.339941
932,"SdKfz 232 Schwere Panzerspähwagen",100,2025-11-03T22:31:19.339941
933,"SdKfz 233 Schwere Panzerspähwagen",100,2025-11-03T22:31:19.339941
934,"SdKfz 234/1",100,2025-11-03T22:31:19.339941
934,"SdKfz 234 1",80,2025-11-03T22:31:19.339941
934,"SdKfz 234-1",80,2025-11-03T22:31:19.339941
935,"SdKfz 234/2",100,2025-11-03T22:31:19.339941
935,"SdKfz 234-2",80,2025-11-03T22:31:19.339941
935,"SdKfz 234 2",80,2025-11-03T22:31:19.339941
936,"SdKfz 234/3",100,2025-11-03T22:31:19.339941
936,"SdKfz 234 3",80,2025-11-03T22:31:19.339941
936,"SdKfz 234-3",80,2025-11-03T22:31:19.339941
937,"SdKfz 234/4",100,2025-11-03T22:31:19.339941
937,"SdKfz 234 4",80,2025-11-03T22:31:19.339941
937,"SdKfz 234-4",80,2025-11-03T22:31:19.339941
938,"SdKfz 250/ 1 Leichte Schutzenpanzerwagen",100,2025-11-03T22:31:19.339941
939,"SdKfz 250/ 2 Leichte Fernsprechpanzerwagen",100,2025-11-03T22:31:19.339941
940,"SdKfz 250/ 3 Liechte Funkpanzerwagen",100,2025-11-03T22:31:19.339941
941,"SdKfz 250/ 4 Liechte Beobachtungspanzerwagen",100,2025-11-03T22:31:19.339941
942,"SdKfz 250/ 5 Leichte Beobachtungspanzerwagen",100,2025-11-03T22:31:19.339941
943,"SdKfz 250/ 6 Leichte Munitionspanzerwagen",100,2025-11-03T22:31:19.339941
944,"SdKfz 250/ 7 Leichte Schutzenpanzerwagen",100,2025-11-03T22:31:19.339941
945,"SdKfz 250/ 8 7.5cm KwK 37 L/24",100,2025-11-03T22:31:19.339941
945,"SdKfz 250/ 8 75cm KwK 37 L/24",80,2025-11-03T22:31:19.339941
945,"SdKfz 250/ 8 7.5cm KwK 37 L-24",80,2025-11-03T22:31:19.339941
945,"SdKfz 250/ 8 7.5cm KwK 37 L 24",80,2025-11-03T22:31:19.339941
946,"SdKfz 250/ 9 2cm KwK38",100,2025-11-03T22:31:19.339941
947,"SdKfz 250/10 3.7cm Pak",100,2025-11-03T22:31:19.339941
947,"SdKfz 250 10 3.7cm Pak",80,2025-11-03T22:31:19.339941
947,"SdKfz 250/10 37cm Pak",80,2025-11-03T22:31:19.339941
947,"SdKfz 250-10 3.7cm Pak",80,2025-11-03T22:31:19.339941
948,"SdKfz 250/11 2.8cm sPzB41",100,2025-11-03T22:31:19.339941
948,"SdKfz 250-11 2.8cm sPzB41",80,2025-11-03T22:31:19.339941
948,"SdKfz 250 11 2.8cm sPzB41",80,2025-11-03T22:31:19.339941
948,"SdKfz 250/11 28cm sPzB41",80,2025-11-03T22:31:19.339941
949,"SdKfz 250/12 Messtruppanzerwagen",100,2025-11-03T22:31:19.339941
949,"SdKfz 250 12 Messtruppanzerwagen",80,2025-11-03T22:31:19.339941
949,"SdKfz 250-12 Messtruppanzerwagen",80,2025-11-03T22:31:19.339941
950,"SdKfz 251/ 1 Ausf A,B,C Armoured Personnel Carrier",100,2025-11-03T22:31:19.339941
951,"SdKfz 251/ 1 Ausf D Armoured Personnel Carrier",100,2025-11-03T22:31:19.339941
952,"SdKfz 251/ 2 Ausf A,B,C 8cm Mortar Carrier",100,2025-11-03T22:31:19.339941
953,"SdKfz 251/ 2 Ausf D 8cm Mortar Carrier",100,2025-11-03T22:31:19.339941
954,"SdKfz 251/ 3 Ausf A,B,C Wireless Vehicle",100,2025-11-03T22:31:19.339941
955,"SdKfz 251/ 3 Ausf D Wireless Vehicle",100,2025-11-03T22:31:19.339941
956,"SdKfz 251/ 4 Ausf A,B,C Ammunition Carrier/Prime Mover",100,2025-11-03T22:31:19.339941
956,"SdKfz 251/ 4 Ausf A,B,C Ammunition Carrier Prime Mover",80,2025-11-03T22:31:19.339941
956,"SdKfz 251/ 4 Ausf A,B,C Ammunition Carrier-Prime Mover",80,2025-11-03T22:31:19.339941
957,"SdKfz 251/ 4 Ausf D Ammunition Carrier/Prime Mover",100,2025-11-03T22:31:19.339941
957,"SdKfz 251/ 4 Ausf D Ammunition Carrier Prime Mover",80,2025-11-03T22:31:19.339941
957,"SdKfz 251/ 4 Ausf D Ammunition Carrier-Prime Mover",80,2025-11-03T22:31:19.339941
958,"SdKfz 251/ 5 Ausf A,B,C Engineering Vehicle (troop carrier)",100,2025-11-03T22:31:19.339941
959,"SdKfz 251/ 5 Ausf D Engineering Vehicle (troop carrier)",100,2025-11-03T22:31:19.339941
960,"SdKfz 251/ 6 Ausf A,B,C Command Vehicle",100,2025-11-03T22:31:19.339941
961,"SdKfz 251/ 6 Ausf D Command Vehicle",100,2025-11-03T22:31:19.339941
962,"SdKfz 251/ 7 Ausf A,B,C Engineering Vehicle (equipment carrier)",100,2025-11-03T22:31:19.339941
963,"SdKfz 251/ 7 Ausf D Engineering Vehicle (equipment)",100,2025-11-03T22:31:19.339941
964,"SdKfz 251/ 7 Ausf D Engineering Vehicle (troops)",100,2025-11-03T22:31:19.339941
965,"SdKfz 251/ 8 Ausf A,B,C Armoured Ambulance",100,2025-11-03T22:31:19.339941
966,"SdKfz 251/ 8 Ausf D Armoured Ambulance",100,2025-11-03T22:31:19.339941
967,"SdKfz 251/ 9 Ausf A,B,C 7.5cm StuK 37 L/24",100,2025-11-03T22:31:19.339941
967,"SdKfz 251/ 9 Ausf A,B,C 75cm StuK 37 L/24",80,2025-11-03T22:31:19.339941
967,"SdKfz 251/ 9 Ausf A,B,C 7.5cm StuK 37 L 24",80,2025-11-03T22:31:19.339941
967,"SdKfz 251/ 9 Ausf A,B,C 7.5cm StuK 37 L-24",80,2025-11-03T22:31:19.339941
968,"SdKfz 251/ 9 Ausf D 7.5cm StuK 37 L/24",100,2025-11-03T22:31:19.339941
968,"SdKfz 251/ 9 Ausf D 7.5cm StuK 37 L 24",80,2025-11-03T22:31:19.339941
968,"SdKfz 251/ 9 Ausf D 7.5cm StuK 37 L-24",80,2025-11-03T22:31:19.339941
968,"SdKfz 251/ 9 Ausf D 75cm StuK 37 L/24",80,2025-11-03T22:31:19.339941
969,"SdKfz 251/10 Ausf A,B,C 3.7cm Pak",100,2025-11-03T22:31:19.339941
969,"SdKfz 251/10 Ausf A,B,C 37cm Pak",80,2025-11-03T22:31:19.339941
969,"SdKfz 251-10 Ausf A,B,C 3.7cm Pak",80,2025-11-03T22:31:19.339941
969,"SdKfz 251 10 Ausf A,B,C 3.7cm Pak",80,2025-11-03T22:31:19.339941
970,"SdKfz 251/10 Ausf D 3.7cm Pak",100,2025-11-03T22:31:19.339941
970,"SdKfz 251 10 Ausf D 3.7cm Pak",80,2025-11-03T22:31:19.339941
970,"SdKfz 251-10 Ausf D 3.7cm Pak",80,2025-11-03T22:31:19.339941
970,"SdKfz 251/10 Ausf D 37cm Pak",80,2025-11-03T22:31:19.339941
971,"SdKfz 251/11 Ausf A,B,C Telephone Vehicle",100,2025-11-03T22:31:19.339941
971,"SdKfz 251-11 Ausf A,B,C Telephone Vehicle",80,2025-11-03T22:31:19.339941
971,"SdKfz 251 11 Ausf A,B,C Telephone Vehicle",80,2025-11-03T22:31:19.339941
972,"SdKfz 251/11 Ausf D Telephone Vehicle",100,2025-11-03T22:31:19.339941
972,"SdKfz 251 11 Ausf D Telephone Vehicle",80,2025-11-03T22:31:19.339941
972,"SdKfz 251-11 Ausf D Telephone Vehicle",80,2025-11-03T22:31:19.339941
973,"SdKfz 251/12 Ausf A,B,C Survey Section Instrument Vehicle",100,2025-11-03T22:31:19.339941
973,"SdKfz 251-12 Ausf A,B,C Survey Section Instrument Vehicle",80,2025-11-03T22:31:19.339941
973,"SdKfz 251 12 Ausf A,B,C Survey Section Instrument Vehicle",80,2025-11-03T22:31:19.339941
974,"SdKfz 251/12 Ausf D Survey Section Instrument Vehicle",100,2025-11-03T22:31:19.339941
974,"SdKfz 251 12 Ausf D Survey Section Instrument Vehicle",80,2025-11-03T22:31:19.339941
974,"SdKfz 251-12 Ausf D Survey Section Instrument Vehicle",80,2025-11-03T22:31:19.339941
975,"SdKfz 251/13 Ausf A,B,C Sound Recording Vehicle",100,2025-11-03T22:31:19.339941
975,"SdKfz 251-13 Ausf A,B,C Sound Recording Vehicle",80,2025-11-03T22:31:19.339941
975,"SdKfz 251 13 Ausf A,B,C Sound Recording Vehicle",80,2025-11-03T22:31:19.339941
976,"SdKfz 251/13 Ausf D Sound Recording Vehicle",100,2025-11-03T22:31:19.339941
976,"SdKfz 251 13 Ausf D Sound Recording Vehicle",80,2025-11-03T22:31:19.339941
976,"SdKfz 251-13 Ausf D Sound Recording Vehicle",80,2025-11-03T22:31:19.339941
977,"SdKfz 251/14 Ausf A,B,C Sound Ranging Vehicle",100,2025-11-03T22:31:19.339941
977,"SdKfz 251 14 Ausf A,B,C Sound Ranging Vehicle",80,2025-11-03T22:31:19.339941
977,"SdKfz 251-14 Ausf A,B,C Sound Ranging Vehicle",80,2025-11-03T22:31:19.339941
978,"SdKfz 251/14 Ausf D Sound Ranging Vehicle",100,2025-11-03T22:31:19.339941
978,"SdKfz 251-14 Ausf D Sound Ranging Vehicle",80,2025-11-03T22:31:19.339941
978,"SdKfz 251 14 Ausf D Sound Ranging Vehicle",80,2025-11-03T22:31:19.339941
979,"SdKfz 251/15 Ausf A,B,C Flash Spotting Vehicle",100,2025-11-03T22:31:19.339941
979,"SdKfz 251-15 Ausf A,B,C Flash Spotting Vehicle",80,2025-11-03T22:31:19.339941
979,"SdKfz 251 15 Ausf A,B,C Flash Spotting Vehicle",80,2025-11-03T22:31:19.339941
980,"SdKfz 251/15 Ausf D Flash Spotting Vehicle",100,2025-11-03T22:31:19.339941
980,"SdKfz 251-15 Ausf D Flash Spotting Vehicle",80,2025-11-03T22:31:19.339941
980,"SdKfz 251 15 Ausf D Flash Spotting Vehicle",80,2025-11-03T22:31:19.339941
981,"SdKfz 251/16 Ausf A,B,C Flame Throwing Vehicl%2%2/",100,2025-11-03T22:31:19.339941
981,"SdKfz 251 16 Ausf A,B,C Flame Throwing Vehicl%2%2/",80,2025-11-03T22:31:19.339941
981,"SdKfz 251-16 Ausf A,B,C Flame Throwing Vehicl%2%2/",80,2025-11-03T22:31:19.339941
982,"SdKfz 251/16 Ausf D Flame Throwing Vehicle",100,2025-11-03T22:31:19.339941
982,"SdKfz 251 16 Ausf D Flame Throwing Vehicle",80,2025-11-03T22:31:19.339941
982,"SdKfz 251-16 Ausf D Flame Throwing Vehicle",80,2025-11-03T22:31:19.339941
983,"SdKfz 251/17 Ausf A,B,C 2cm Flak S.P. A%2/",100,2025-11-03T22:31:19.339941
983,"SdKfz 251/17 Ausf A,B,C 2cm Flak SP A%2/",80,2025-11-03T22:31:19.339941
983,"SdKfz 251 17 Ausf A,B,C 2cm Flak S.P. A%2/",80,2025-11-03T22:31:19.339941
983,"SdKfz 251-17 Ausf A,B,C 2cm Flak S.P. A%2/",80,2025-11-03T22:31:19.339941
984,"SdKfz 251/17 Ausf D 2cm Flak S.P. AA",100,2025-11-03T22:31:19.339941
984,"SdKfz 251/17 Ausf D 2cm Flak S.P. Anti-Aircraft",80,2025-11-03T22:31:19.339941
984,"SdKfz 251/17 Ausf D 2cm Flak SP AA",80,2025-11-03T22:31:19.339941
984,"SdKfz 251/17 Ausf D 2cm Flak S.P. Anti Aircraft",80,2025-11-03T22:31:19.339941
984,"SdKfz 251-17 Ausf D 2cm Flak S.P. AA",80,2025-11-03T22:31:19.339941
984,"SdKfz 251 17 Ausf D 2cm Flak S.P. AA",80,2025-11-03T22:31:19.339941
985,"SdKfz 251/18 Ausf D Observation Post Vehicle",100,2025-11-03T22:31:19.339941
985,"SdKfz 251-18 Ausf D Observation Post Vehicle",80,2025-11-03T22:31:19.339941
985,"SdKfz 251 18 Ausf D Observation Post Vehicle",80,2025-11-03T22:31:19.339941
986,"SdKfz 251/19 Ausf D Telephone Exchange Vehicle",100,2025-11-03T22:31:19.339941
986,"SdKfz 251-19 Ausf D Telephone Exchange Vehicle",80,2025-11-03T22:31:19.339941
986,"SdKfz 251 19 Ausf D Telephone Exchange Vehicle",80,2025-11-03T22:31:19.339941
987,"SdKfz 251/20 Ausf D Infra Red Searchlight Vehicl",100,2025-11-03T22:31:19.339941
987,"SdKfz 251 20 Ausf D Infra Red Searchlight Vehicl",80,2025-11-03T22:31:19.339941
987,"SdKfz 251-20 Ausf D Infra Red Searchlight Vehicl",80,2025-11-03T22:31:19.339941
988,"SdKfz 251/21 Ausf D 3 x 1.5cm Flak SP AA",100,2025-11-03T22:31:19.339941
988,"SdKfz 251/21 Ausf D 3 x 15cm Flak SP AA",80,2025-11-03T22:31:19.339941
988,"SdKfz 251/21 Ausf D 3 x 1.5cm Flak Self-Propelled AA",80,2025-11-03T22:31:19.339941
988,"SdKfz 251 21 Ausf D 3 x 1.5cm Flak SP AA",80,2025-11-03T22:31:19.339941
988,"SdKfz 251-21 Ausf D 3 x 1.5cm Flak SP AA",80,2025-11-03T22:31:19.339941
988,"SdKfz 251/21 Ausf D 3 x 1.5cm Flak SP Anti Aircraft",80,2025-11-03T22:31:19.339941
988,"SdKfz 251/21 Ausf D 3 x 1.5cm Flak SP Anti-Aircraft",80,2025-11-03T22:31:19.339941
989,"SdKfz 251/21 Ausf D 3 x 2cm Flak SP AA",100,2025-11-03T22:31:19.339941
989,"SdKfz 251-21 Ausf D 3 x 2cm Flak SP AA",80,2025-11-03T22:31:19.339941
989,"SdKfz 251 21 Ausf D 3 x 2cm Flak SP AA",80,2025-11-03T22:31:19.339941
989,"SdKfz 251/21 Ausf D 3 x 2cm Flak Self-Propelled AA",80,2025-11-03T22:31:19.339941
989,"SdKfz 251/21 Ausf D 3 x 2cm Flak SP Anti Aircraft",80,2025-11-03T22:31:19.339941
989,"SdKfz 251/21 Ausf D 3 x 2cm Flak SP Anti-Aircraft",80,2025-11-03T22:31:19.339941
990,"SdKfz 251/22 Ausf D 7.5cm Pak 40 L/46",100,2025-11-03T22:31:19.339941
990,"SdKfz 251 22 Ausf D 7.5cm Pak 40 L 46",80,2025-11-03T22:31:19.339941
990,"SdKfz 251-22 Ausf D 7.5cm Pak 40 L-46",80,2025-11-03T22:31:19.339941
990,"SdKfz 251/22 Ausf D 75cm Pak 40 L/46",80,2025-11-03T22:31:19.339941
991,"SdKfz 251/23 Ausf D Armoured Reconnaissance Vehicle",100,2025-11-03T22:31:19.339941
991,"SdKfz 251 23 Ausf D Armoured Reconnaissance Vehicle",80,2025-11-03T22:31:19.339941
991,"SdKfz 251-23 Ausf D Armoured Reconnaissance Vehicle",80,2025-11-03T22:31:19.339941
992,"SdKfz 252 Armoured Ammunition Carrier for STUG III",100,2025-11-03T22:31:19.339941
993,"SdKfz 253 Armoured Artillery Observation Vehicle",100,2025-11-03T22:31:19.339941
994,"SdKfz 260",100,2025-11-03T22:31:19.339941
995,"SdKfz 261",100,2025-11-03T22:31:19.339941
996,"SdKfz 263 Panzerfunkwagen",100,2025-11-03T22:31:19.339941
997,"Sdkfz 254 Mittlere Gepanzerte Beobachtungskraftwagen",100,2025-11-03T22:31:19.339941
998,"Sdkfz 4 Munitionskraftwagen fur Nebelwerfer",100,2025-11-03T22:31:19.339941
999,"Sdkfz 4/1 15cm Panzerwerfer 42 auf Sf",100,2025-11-03T22:31:19.339941
999,"Sdkfz 4-1 15cm Panzerwerfer 42 auf Sf",80,2025-11-03T22:31:19.339941
999,"Sdkfz 4 1 15cm Panzerwerfer 42 auf Sf",80,2025-11-03T22:31:19.339941
1000,"StuG III 10.5cm Stu.K. L/28.3",100,2025-11-03T22:31:19.339941
1000,"StuG III 105cm StuK L/283",80,2025-11-03T22:31:19.339941
1000,"StuG III 10.5cm Stu.K. L-28.3",80,2025-11-03T22:31:19.339941
1000,"StuG III 10.5cm Stu.K. L 28.3",80,2025-11-03T22:31:19.339941
1001,"StuG III 15 cm Stu.I.G. L/11",100,2025-11-03T22:31:19.339941
1001,"StuG III 15 cm StuIG L/11",80,2025-11-03T22:31:19.339941
1001,"StuG III 15 mm Stu.I.G. L/11",80,2025-11-03T22:31:19.339941
1001,"StuG III 15 cm Stu.I.G. L-11",80,2025-11-03T22:31:19.339941
1001,"StuG III 15 cm Stu.I.G. L 11",80,2025-11-03T22:31:19.339941
1002,"StuG III Ausf A 7.5cm Stu.K. L/24",100,2025-11-03T22:31:19.339941
1002,"StuG III Ausf A 7.5cm Stu.K. L-24",80,2025-11-03T22:31:19.339941
1002,"StuG III Ausf A 7.5cm Stu.K. L 24",80,2025-11-03T22:31:19.339941
1002,"StuG III Ausf A 75cm StuK L/24",80,2025-11-03T22:31:19.339941
1003,"StuG III Ausf B 7.5cm Stu.K. L/24",100,2025-11-03T22:31:19.339941
1003,"StuG III Ausf B 7.5cm Stu.K. L 24",80,2025-11-03T22:31:19.339941
1003,"StuG III Ausf B 7.5cm Stu.K. L-24",80,2025-11-03T22:31:19.339941
1003,"StuG III Ausf B 75cm StuK L/24",80,2025-11-03T22:31:19.339941
1004,"StuG III Ausf C,D 7.5cm Stu.K. L/24",100,2025-11-03T22:31:19.339941
1004,"StuG III Ausf C,D 75cm StuK L/24",80,2025-11-03T22:31:19.339941
1004,"StuG III Ausf C,D 7.5cm Stu.K. L 24",80,2025-11-03T22:31:19.339941
1004,"StuG III Ausf C,D 7.5cm Stu.K. L-24",80,2025-11-03T22:31:19.339941
1005,"StuG III Ausf E 7.5cm Stu.K. L/24",100,2025-11-03T22:31:19.339941
1005,"StuG III Ausf E 7.5cm Stu.K. L-24",80,2025-11-03T22:31:19.339941
1005,"StuG III Ausf E 7.5cm Stu.K. L 24",80,2025-11-03T22:31:19.339941
1005,"StuG III Ausf E 75cm StuK L/24",80,2025-11-03T22:31:19.339941
1006,"StuG III Ausf F 7.5cm Stu.K. L/43",100,2025-11-03T22:31:19.339941
1006,"StuG III Ausf F 7.5cm Stu.K. L 43",80,2025-11-03T22:31:19.339941
1006,"StuG III Ausf F 7.5cm Stu.K. L-43",80,2025-11-03T22:31:19.339941
1006,"StuG III Ausf F 75cm StuK L/43",80,2025-11-03T22:31:19.339941
1007,"StuG III Ausf G 7.5cm Stu.K. L/48",100,2025-11-03T22:31:19.339941
1007,"StuG III Ausf G 7.5cm Stu.K. L 48",80,2025-11-03T22:31:19.339941
1007,"StuG III Ausf G 75cm StuK L/48",80,2025-11-03T22:31:19.339941
1007,"StuG III Ausf G 7.5cm Stu.K. L-48",80,2025-11-03T22:31:19.339941
1008,"StuG IV",100,2025-11-03T22:31:19.339941
1009,"Sturmpanzer IV 15cm StuH 43 SdKfz 166",80,2025-11-03T22:31:19.339941
1010,"Sturmpanzer VI mit 38cm Mörser RW61",100,2025-11-03T22:31:19.339941
1011,"38M Toldi",100,2025-11-03T22:31:19.339941
1012,"40M Turan I",100,2025-11-03T22:31:19.339941
1013,"CV 33",100,2025-11-03T22:31:19.339941
1014,"Zrini II 40/43",100,2025-11-03T22:31:19.339941
1014,"Zrini II 40-43",80,2025-11-03T22:31:19.339941
1014,"Zrini II 40 43",80,2025-11-03T22:31:19.339941
1015,"Auto Blinda 40",100,2025-11-03T22:31:19.339941
1016,"Auto Blinda 41 Armoured Car",100,2025-11-03T22:31:19.339941
1017,"Auto Blinda 43 Armoured Car",100,2025-11-03T22:31:19.339941
1018,"Autocannone da 75/27 CK",100,2025-11-03T22:31:19.339941
1018,"Autocannone da 75 27 CK",80,2025-11-03T22:31:19.339941
1018,"Autocannone da 75-27 CK",80,2025-11-03T22:31:19.339941
1019,"Carro Armato L3/33",100,2025-11-03T22:31:19.339941
1019,"Carro Armato L3-33",80,2025-11-03T22:31:19.339941
1019,"Carro Armato L3 33",80,2025-11-03T22:31:19.339941
1020,"Carro Armato L3/35",100,2025-11-03T22:31:19.339941
1020,"Carro Armato L3-35",80,2025-11-03T22:31:19.339941
1020,"Carro Armato L3 35",80,2025-11-03T22:31:19.339941
1021,"Carro Armato L3/35 Lf (CV35)",100,2025-11-03T22:31:19.339941
1021,"Carro Armato L3-35 Lf (CV35)",80,2025-11-03T22:31:19.339941
1021,"Carro Armato L3 35 Lf (CV35)",80,2025-11-03T22:31:19.339941
1022,"Carro Armato M11/39 Medium Tank",100,2025-11-03T22:31:19.339941
1022,"Carro Armato M11-39 Medium Tank",80,2025-11-03T22:31:19.339941
1022,"Carro Armato M11 39 Medium Tank",80,2025-11-03T22:31:19.339941
1023,"Carro Armato M13/40 Medium Tank",100,2025-11-03T22:31:19.339941
1023,"Carro Armato M13-40 Medium Tank",80,2025-11-03T22:31:19.339941
1023,"Carro Armato M13 40 Medium Tank",80,2025-11-03T22:31:19.339941
1024,"Carro Armato M14/41 Medium Tank",100,2025-11-03T22:31:19.339941
1024,"Carro Armato M14 41 Medium Tank",80,2025-11-03T22:31:19.339941
1024,"Carro Armato M14-41 Medium Tank",80,2025-11-03T22:31:19.339941
1025,"Carro Armato M15/42 Medium Tank",100,2025-11-03T22:31:19.339941
1025,"Carro Armato M15-42 Medium Tank",80,2025-11-03T22:31:19.339941
1025,"Carro Armato M15 42 Medium Tank",80,2025-11-03T22:31:19.339941
1026,"Carro Armato P 26/40 Heavy Tank",100,2025-11-03T22:31:19.339941
1026,"Carro Armato P 26 40 Heavy Tank",80,2025-11-03T22:31:19.339941
1026,"Carro Armato P 26-40 Heavy Tank",80,2025-11-03T22:31:19.339941
1027,"Carro Veloce 29 Tankette",100,2025-11-03T22:31:19.339941
1028,"Carro Veloce Fiat Ansaldo L38",100,2025-11-03T22:31:19.339941
1029,"Carro Veloce Fiat Ansaldo L38 Solothurn",100,2025-11-03T22:31:19.339941
1030,"Fiat 3000 M 1921 (Carro Armato)",100,2025-11-03T22:31:19.339941
1031,"Fiat 3000 M 1930 (Carro Armato)",100,2025-11-03T22:31:19.339941
1032,"Fiat 3000B M 1930 (Carro Armato)",100,2025-11-03T22:31:19.339941
1033,"Fiat 611 Armoured Car",100,2025-11-03T22:31:19.339941
1034,"Fiat Ansaldo L6/40 Centro Radia",100,2025-11-03T22:31:19.339941
1034,"Fiat Ansaldo L6-40 Centro Radia",80,2025-11-03T22:31:19.339941
1034,"Fiat Ansaldo L6 40 Centro Radia",80,2025-11-03T22:31:19.339941
1035,"Fiat Ansaldo L6/40 Light Tank",100,2025-11-03T22:31:19.339941
1035,"Fiat Ansaldo L6 40 Light Tank",80,2025-11-03T22:31:19.339941
1035,"Fiat Ansaldo L6-40 Light Tank",80,2025-11-03T22:31:19.339941
1036,"Semovente da 105/25 su scafo di carro M43",100,2025-11-03T22:31:19.339941
1036,"Semovente da 105 25 su scafo di carro M43",80,2025-11-03T22:31:19.339941
1036,"Semovente da 105-25 su scafo di carro M43",80,2025-11-03T22:31:19.339941
1037,"Semovente da 149/40 su scafo di carro M41",100,2025-11-03T22:31:19.339941
1037,"Semovente da 149-40 su scafo di carro M41",80,2025-11-03T22:31:19.339941
1037,"Semovente da 149 40 su scafo di carro M41",80,2025-11-03T22:31:19.339941
1038,"Semovente da 47/32 su scafo di carro L40",100,2025-11-03T22:31:19.339941
1038,"Semovente da 47 32 su scafo di carro L40",80,2025-11-03T22:31:19.339941
1038,"Semovente da 47-32 su scafo di carro L40",80,2025-11-03T22:31:19.339941
1039,"Semovente da 75/18 su scafo di carro M42",100,2025-11-03T22:31:19.339941
1039,"Semovente da 75-18 su scafo di carro M42",80,2025-11-03T22:31:19.339941
1039,"Semovente da 75 18 su scafo di carro M42",80,2025-11-03T22:31:19.339941
1040,"Semovente da 75/34 su scafo di carro M42",100,2025-11-03T22:31:19.339941
1040,"Semovente da 75-34 su scafo di carro M42",80,2025-11-03T22:31:19.339941
1040,"Semovente da 75 34 su scafo di carro M42",80,2025-11-03T22:31:19.339941
1041,"Semovente da 75/46 su scafo di carro M43",100,2025-11-03T22:31:19.339941
1041,"Semovente da 75-46 su scafo di carro M43",80,2025-11-03T22:31:19.339941
1041,"Semovente da 75 46 su scafo di carro M43",80,2025-11-03T22:31:19.339941
1042,"Semovente da 90/53 su scafo di carro M41",100,2025-11-03T22:31:19.339941
1042,"Semovente da 90 53 su scafo di carro M41",80,2025-11-03T22:31:19.339941
1042,"Semovente da 90-53 su scafo di carro M41",80,2025-11-03T22:31:19.339941
1043,"Amphibious Tank Type 2 (KA-MI)",100,2025-11-03T22:31:19.339941
1043,"Amphibious Tank Type 2 (KA MI)",80,2025-11-03T22:31:19.339941
1043,"Amphibious Tank Type 2 (KAMI)",80,2025-11-03T22:31:19.339941
1044,"Amphibious Tank Type 3 (KA-CHI)",100,2025-11-03T22:31:19.339941
1044,"Amphibious Tank Type 3 (KACHI)",80,2025-11-03T22:31:19.339941
1044,"Amphibious Tank Type 3 (KA CHI)",80,2025-11-03T22:31:19.339941
1045,"Combat Car type 92 (Early)",100,2025-11-03T22:31:19.339941
1046,"Combat Car type 92 (Late)",100,2025-11-03T22:31:19.339941
1047,"Gun Tank Type 1 HO-NI I",100,2025-11-03T22:31:19.339941
1047,"Gun Tank Type 1 HONI I",80,2025-11-03T22:31:19.339941
1047,"Gun Tank Type 1 HO NI I",80,2025-11-03T22:31:19.339941
1048,"Gun Tank Type 1 HO-NI II",100,2025-11-03T22:31:19.339941
1048,"Gun Tank Type 1 HO NI II",80,2025-11-03T22:31:19.339941
1048,"Gun Tank Type 1 HONI II",80,2025-11-03T22:31:19.339941
1049,"Gun Tank Type 1 HO-NI III",100,2025-11-03T22:31:19.339941
1049,"Gun Tank Type 1 HONI III",80,2025-11-03T22:31:19.339941
1049,"Gun Tank Type 1 HO NI III",80,2025-11-03T22:31:19.339941
1050,"Ko-Gata Sensha",100,2025-11-03T22:31:19.339941
1050,"KoGata Sensha",80,2025-11-03T22:31:19.339941
1050,"Ko Gata Sensha",80,2025-11-03T22:31:19.339941
1051,"Light Tank Type 2 (KE-TO)",100,2025-11-03T22:31:19.339941
1051,"Light Tank Type 2 (KETO)",80,2025-11-03T22:31:19.339941
1051,"Light Tank Type 2 (KE TO)",80,2025-11-03T22:31:19.339941
1052,"Light Tank Type 95 (HA-GO) early",100,2025-11-03T22:31:19.339941
1052,"Light Tank Type 95 (HAGO) early",80,2025-11-03T22:31:19.339941
1052,"Light Tank Type 95 (HA GO) early",80,2025-11-03T22:31:19.339941
1053,"Light Tank Type 95 (HA-GO) late",100,2025-11-03T22:31:19.339941
1053,"Light Tank Type 95 (HAGO) late",80,2025-11-03T22:31:19.339941
1053,"Light Tank Type 95 (HA GO) late",80,2025-11-03T22:31:19.339941
1054,"Light Tank Type 98-A (KE-NI)",100,2025-11-03T22:31:19.339941
1054,"Light Tank Type 98A (KENI)",80,2025-11-03T22:31:19.339941
1054,"Light Tank Type 98 A (KE NI)",80,2025-11-03T22:31:19.339941
1055,"Medium Tank Type 1 (CHI-HE)",100,2025-11-03T22:31:19.339941
1055,"Medium Tank Type 1 (CHIHE)",80,2025-11-03T22:31:19.339941
1055,"Medium Tank Type 1 (CHI HE)",80,2025-11-03T22:31:19.339941
1056,"Medium Tank Type 2 (HO-I)",100,2025-11-03T22:31:19.339941
1056,"Medium Tank Type 2 (HOI)",80,2025-11-03T22:31:19.339941
1056,"Medium Tank Type 2 (HO I)",80,2025-11-03T22:31:19.339941
1057,"Medium Tank Type 3 (CHI-NU)",100,2025-11-03T22:31:19.339941
1057,"Medium Tank Type 3 (CHI NU)",80,2025-11-03T22:31:19.339941
1057,"Medium Tank Type 3 (CHINU)",80,2025-11-03T22:31:19.339941
1058,"Medium Tank Type 89",100,2025-11-03T22:31:19.339941
1059,"Medium Tank Type 97",100,2025-11-03T22:31:19.339941
1060,"Medium Tank Type 97 (CHI-HA)",100,2025-11-03T22:31:19.339941
1060,"Medium Tank Type 97 (CHI HA)",80,2025-11-03T22:31:19.339941
1060,"Medium Tank Type 97 (CHIHA)",80,2025-11-03T22:31:19.339941
1061,"Medium Tank Type 97 Command Tank (SHI-KI)",100,2025-11-03T22:31:19.339941
1061,"Medium Tank Type 97 Command Tank (SHIKI)",80,2025-11-03T22:31:19.339941
1061,"Medium Tank Type 97 Command Tank (SHI KI)",80,2025-11-03T22:31:19.339941
1062,"Medium Tank Type 97 Observation Tank (KA-SO)",100,2025-11-03T22:31:19.339941
1062,"Medium Tank Type 97 Observation Tank (KA SO)",80,2025-11-03T22:31:19.339941
1062,"Medium Tank Type 97 Observation Tank (KASO)",80,2025-11-03T22:31:19.339941
1063,"Medium Tank Type 97 Recovery Tank (SE-RI)",100,2025-11-03T22:31:19.339941
1063,"Medium Tank Type 97 Recovery Tank (SERI)",80,2025-11-03T22:31:19.339941
1063,"Medium Tank Type 97 Recovery Tank (SE RI)",80,2025-11-03T22:31:19.339941
1064,"Osaka Armoured Car Type 2592",100,2025-11-03T22:31:19.339941
1065,"Otsu B (Otsu-Gata Sensha)",100,2025-11-03T22:31:19.339941
1065,"Otsu B (Otsu Gata Sensha)",80,2025-11-03T22:31:19.339941
1065,"Otsu B (OtsuGata Sensha)",80,2025-11-03T22:31:19.339941
1066,"SA-TO 20 mm Anti-Aircraft on Type 97",100,2025-11-03T22:31:19.339941
1066,"SATO 20 mm AntiAircraft on Type 97",80,2025-11-03T22:31:19.339941
1066,"SA TO 20 mm Anti Aircraft on Type 97",80,2025-11-03T22:31:19.339941
1067,"SO-KI Twin 20mm Anti-Aircraft",100,2025-11-03T22:31:19.339941
1067,"SOKI Twin 20mm AntiAircraft",80,2025-11-03T22:31:19.339941
1067,"SO KI Twin 20mm Anti Aircraft",80,2025-11-03T22:31:19.339941
1068,"Sumida Armoured Car Type 2593",100,2025-11-03T22:31:19.339941
1069,"Tankette Type 94 TK",100,2025-11-03T22:31:19.339941
1070,"Tankette Type 94 TK modified",100,2025-11-03T22:31:19.339941
1071,"Tankette Type 97 TE-KE",100,2025-11-03T22:31:19.339941
1071,"Tankette Type 97 TE KE",80,2025-11-03T22:31:19.339941
1071,"Tankette Type 97 TEKE",80,2025-11-03T22:31:19.339941
1072,"Light Tank 7 TP (single turret)",100,2025-11-03T22:31:19.339941
1073,"Light Tank 7 TP (twin turret)",100,2025-11-03T22:31:19.339941
1074,"Light Tank 7 TP improved",100,2025-11-03T22:31:19.339941
1075,"Tankette TK 3",100,2025-11-03T22:31:19.339941
1076,"Tankette TK 3 modified",100,2025-11-03T22:31:19.339941
1077,"Tankette TKF",100,2025-11-03T22:31:19.339941
1078,"Tankette TKS",100,2025-11-03T22:31:19.339941
1079,"Ursus Wz 29 Armoured Car",100,2025-11-03T22:31:19.339941
1080,"Landsverk 180 Armoured car",100,2025-11-03T22:31:19.339941
1081,"Strv (Landsverk) L-60",100,2025-11-03T22:31:19.339941
1081,"Strv (Landsverk) L 60",80,2025-11-03T22:31:19.339941
1081,"Strv (Landsverk) L60",80,2025-11-03T22:31:19.339941
1082,"Strv m/31 (L-10)",100,2025-11-03T22:31:19.339941
1082,"Strv m/31 (L10)",80,2025-11-03T22:31:19.339941
1082,"Strv m 31 (L-10)",80,2025-11-03T22:31:19.339941
1082,"Strv m/31 (L 10)",80,2025-11-03T22:31:19.339941
1082,"Strv m-31 (L-10)",80,2025-11-03T22:31:19.339941
1083,"Strv m/37",100,2025-11-03T22:31:19.339941
1083,"Strv m-37",80,2025-11-03T22:31:19.339941
1083,"Strv m 37",80,2025-11-03T22:31:19.339941
1084,"Strv m/38",100,2025-11-03T22:31:19.339941
1084,"Strv m-38",80,2025-11-03T22:31:19.339941
1084,"Strv m 38",80,2025-11-03T22:31:19.339941
1085,"Strv m/39",100,2025-11-03T22:31:19.339941
1085,"Strv m-39",80,2025-11-03T22:31:19.339941
1085,"Strv m 39",80,2025-11-03T22:31:19.339941
1086,"Strv m/40 K",100,2025-11-03T22:31:19.339941
1086,"Strv m 40 K",80,2025-11-03T22:31:19.339941
1086,"Strv m-40 K",80,2025-11-03T22:31:19.339941
1087,"Strv m/40 L (Strv 33)",100,2025-11-03T22:31:19.339941
1087,"Strv m 40 L (Strv 33)",80,2025-11-03T22:31:19.339941
1087,"Strv m-40 L (Strv 33)",80,2025-11-03T22:31:19.339941
1088,"Strv m/41 (Strv 35) S/1",100,2025-11-03T22:31:19.339941
1088,"Strv m 41 (Strv 35) S 1",80,2025-11-03T22:31:19.339941
1088,"Strv m-41 (Strv 35) S-1",80,2025-11-03T22:31:19.339941
1089,"Strv m/41 (Strv 35) S/2",100,2025-11-03T22:31:19.339941
1089,"Strv m-41 (Strv 35) S-2",80,2025-11-03T22:31:19.339941
1089,"Strv m 41 (Strv 35) S 2",80,2025-11-03T22:31:19.339941
1090,"Strv m/42",100,2025-11-03T22:31:19.339941
1090,"Strv m 42",80,2025-11-03T22:31:19.339941
1090,"Strv m-42",80,2025-11-03T22:31:19.339941
1091,"3 inch Gun Motor Carriage M10",100,2025-11-03T22:31:19.339941
1092,"3 inch Gun Motor Carriage M10A1",100,2025-11-03T22:31:19.339941
1093,"37 mm Gun Motor Carriage M6",100,2025-11-03T22:31:19.339941
1094,"57 mm Gun Motor Carriage T48",100,2025-11-03T22:31:19.339941
1095,"75 mm Gun Motor Carriage M3",100,2025-11-03T22:31:19.339941
1096,"76 mm Gun Motor Carriage M18 (Hellcat)",100,2025-11-03T22:31:19.339941
1097,"90 mm Gun Motor Carriage M36",100,2025-11-03T22:31:19.339941
1098,"Assault Tank M4A3E2 (Jumbo)",100,2025-11-03T22:31:19.339941
1099,"Gun Motor Carriage M12",100,2025-11-03T22:31:19.339941
1100,"Heavy Tank T26E2 (M45)",100,2025-11-03T22:31:19.339941
1101,"Heavy Tank T26E3 (M26 Pershing)",100,2025-11-03T22:31:19.339941
1102,"Heavy Tank T26E4",100,2025-11-03T22:31:19.339941
1103,"Heavy Tank T26E5",100,2025-11-03T22:31:19.339941
1104,"Howitzer Motor Carriage M7 (Priest)",100,2025-11-03T22:31:19.339941
1105,"Howitzer Motor Carriage M8",100,2025-11-03T22:31:19.339941
1106,"Howitzer Motor Carriage T19",100,2025-11-03T22:31:19.340941
1107,"Light Tank M24 (Chaffee)",100,2025-11-03T22:31:19.340941
1108,"Light Tank M2A4",100,2025-11-03T22:31:19.340941
1109,"Light Tank T9E1 (M22 Locust)",100,2025-11-03T22:31:19.340941
1110,"M20 Armoured Utility Car",100,2025-11-03T22:31:19.340941
1111,"M3 Half Track",100,2025-11-03T22:31:19.340941
1112,"M3A1 White Scout Car",100,2025-11-03T22:31:19.340941
1113,"M8 Greyhound Armoured Car",100,2025-11-03T22:31:19.340941
1114,"Medium M2",100,2025-11-03T22:31:19.340941
1115,"Medium M2A1",100,2025-11-03T22:31:19.340941
1116,"Medium M3,M3A1,M3A2 (Grant I,II,III)",100,2025-11-03T22:31:19.340941
1117,"Medium M3A3 (Grant IV)",100,2025-11-03T22:31:19.340941
1118,"Medium M3A4 (Grant VI)",100,2025-11-03T22:31:19.340941
1119,"Medium M3A5 (Grant II)",100,2025-11-03T22:31:19.340941
1120,"Multiple Gun Motor Carriage M13",100,2025-11-03T22:31:19.340941
1121,"Multiple Gun Motor Carriage M14",100,2025-11-03T22:31:19.340941
1122,"Multiple Gun Motor Carriage M15",100,2025-11-03T22:31:19.340941
1123,"Multiple Gun Motor Carriage M16",100,2025-11-03T22:31:19.340941
1124,"Multiple Gun Motor Carriage M17",100,2025-11-03T22:31:19.340941
1125,"Twin 40 mm Gun Motor Carriage M19",100,2025-11-03T22:31:19.340941
1126,"BA-10",100,2025-11-03T22:31:19.340941
1126,"BA 10",80,2025-11-03T22:31:19.340941
1126,"BA10",80,2025-11-03T22:31:19.340941
1127,"BA-27",100,2025-11-03T22:31:19.340941
1127,"BA 27",80,2025-11-03T22:31:19.340941
1127,"BA27",80,2025-11-03T22:31:19.340941
1128,"BA-64",100,2025-11-03T22:31:19.340941
1128,"BA 64",80,2025-11-03T22:31:19.340941
1128,"BA64",80,2025-11-03T22:31:19.340941
1129,"BT-1 early",100,2025-11-03T22:31:19.340941
1129,"BT 1 early",80,2025-11-03T22:31:19.340941
1129,"BT1 early",80,2025-11-03T22:31:19.340941
1130,"BT-1 late",100,2025-11-03T22:31:19.340941
1130,"BT 1 late",80,2025-11-03T22:31:19.340941
1130,"BT1 late",80,2025-11-03T22:31:19.340941
1131,"BT-2",100,2025-11-03T22:31:19.340941
1131,"BT2",80,2025-11-03T22:31:19.340941
1131,"BT 2",80,2025-11-03T22:31:19.340941
1132,"BT-3 / BT-4",100,2025-11-03T22:31:19.340941
1132,"BT 3 / BT 4",80,2025-11-03T22:31:19.340941
1132,"BT3 / BT4",80,2025-11-03T22:31:19.340941
1133,"BT-7-1",100,2025-11-03T22:31:19.340941
1133,"BT 7-1",80,2025-11-03T22:31:19.340941
1133,"BT7-1",80,2025-11-03T22:31:19.340941
1134,"BT-7-2",100,2025-11-03T22:31:19.340941
1134,"BT 7-2",80,2025-11-03T22:31:19.340941
1134,"BT7-2",80,2025-11-03T22:31:19.340941
1135,"BT-7A",100,2025-11-03T22:31:19.340941
1135,"BT7A",80,2025-11-03T22:31:19.340941
1135,"BT 7A",80,2025-11-03T22:31:19.340941
1136,"BT-7M",100,2025-11-03T22:31:19.340941
1136,"BT 7M",80,2025-11-03T22:31:19.340941
1136,"BT7M",80,2025-11-03T22:31:19.340941
1137,"IS I - 100",100,2025-11-03T22:31:19.340941
1138,"IS I - 85",100,2025-11-03T22:31:19.340941
1139,"IS-2",100,2025-11-03T22:31:19.340941
1139,"IS2",80,2025-11-03T22:31:19.340941
1139,"IS 2",80,2025-11-03T22:31:19.340941
1140,"IS-3",100,2025-11-03T22:31:19.340941
1140,"IS 3",80,2025-11-03T22:31:19.340941
1140,"IS3",80,2025-11-03T22:31:19.340941
1141,"KV-1 early",100,2025-11-03T22:31:19.340941
1141,"KV1 early",80,2025-11-03T22:31:19.340941
1141,"KV 1 early",80,2025-11-03T22:31:19.340941
1142,"KV-1 late",100,2025-11-03T22:31:19.340941
1142,"KV1 late",80,2025-11-03T22:31:19.340941
1142,"KV 1 late",80,2025-11-03T22:31:19.340941
1143,"KV-1A",100,2025-11-03T22:31:19.340941
1143,"KV 1A",80,2025-11-03T22:31:19.340941
1143,"KV1A",80,2025-11-03T22:31:19.340941
1144,"KV-1B",100,2025-11-03T22:31:19.340941
1144,"KV 1B",80,2025-11-03T22:31:19.340941
1144,"KV1B",80,2025-11-03T22:31:19.340941
1145,"KV-1C",100,2025-11-03T22:31:19.340941
1145,"KV1C",80,2025-11-03T22:31:19.340941
1145,"KV 1C",80,2025-11-03T22:31:19.340941
1146,"KV-2A early",100,2025-11-03T22:31:19.340941
1146,"KV2A early",80,2025-11-03T22:31:19.340941
1146,"KV 2A early",80,2025-11-03T22:31:19.340941
1147,"KV-2A late",100,2025-11-03T22:31:19.340941
1147,"KV 2A late",80,2025-11-03T22:31:19.340941
1147,"KV2A late",80,2025-11-03T22:31:19.340941
1148,"KV-2B",100,2025-11-03T22:31:19.340941
1148,"KV 2B",80,2025-11-03T22:31:19.340941
1148,"KV2B",80,2025-11-03T22:31:19.340941
1149,"SU-122",100,2025-11-03T22:31:19.340941
1149,"SU 122",80,2025-11-03T22:31:19.340941
1149,"SU122",80,2025-11-03T22:31:19.340941
1150,"SU-37",100,2025-11-03T22:31:19.340941
1150,"SU37",80,2025-11-03T22:31:19.340941
1150,"SU 37",80,2025-11-03T22:31:19.340941
1151,"SU-45",100,2025-11-03T22:31:19.340941
1151,"SU45",80,2025-11-03T22:31:19.340941
1151,"SU 45",80,2025-11-03T22:31:19.340941
1152,"SU-57",100,2025-11-03T22:31:19.340941
1152,"SU 57",80,2025-11-03T22:31:19.340941
1152,"SU57",80,2025-11-03T22:31:19.340941
1153,"SU-76i",100,2025-11-03T22:31:19.340941
1153,"SU 76i",80,2025-11-03T22:31:19.340941
1153,"SU76i",80,2025-11-03T22:31:19.340941
1154,"T-26/A-2",100,2025-11-03T22:31:19.340941
1154,"T 26/A 2",80,2025-11-03T22:31:19.340941
1154,"T-26-A-2",80,2025-11-03T22:31:19.340941
1154,"T-26 A-2",80,2025-11-03T22:31:19.340941
1154,"T26/A2",80,2025-11-03T22:31:19.340941
1155,"T-26/A-3",100,2025-11-03T22:31:19.340941
1155,"T-26 A-3",80,2025-11-03T22:31:19.340941
1155,"T26/A3",80,2025-11-03T22:31:19.340941
1155,"T 26/A 3",80,2025-11-03T22:31:19.340941
1155,"T-26-A-3",80,2025-11-03T22:31:19.340941
1156,"T-26/A-4",100,2025-11-03T22:31:19.340941
1156,"T 26/A 4",80,2025-11-03T22:31:19.340941
1156,"T26/A4",80,2025-11-03T22:31:19.340941
1156,"T-26-A-4",80,2025-11-03T22:31:19.340941
1156,"T-26 A-4",80,2025-11-03T22:31:19.340941
1157,"T-26/A-5",100,2025-11-03T22:31:19.340941
1157,"T-26-A-5",80,2025-11-03T22:31:19.340941
1157,"T26/A5",80,2025-11-03T22:31:19.340941
1157,"T-26 A-5",80,2025-11-03T22:31:19.340941
1157,"T 26/A 5",80,2025-11-03T22:31:19.340941
1158,"T-26/B-1",100,2025-11-03T22:31:19.340941
1158,"T 26/B 1",80,2025-11-03T22:31:19.340941
1158,"T26/B1",80,2025-11-03T22:31:19.340941
1158,"T-26 B-1",80,2025-11-03T22:31:19.340941
1158,"T-26-B-1",80,2025-11-03T22:31:19.340941
1159,"T-26/B-2",100,2025-11-03T22:31:19.340941
1159,"T-26-B-2",80,2025-11-03T22:31:19.340941
1159,"T 26/B 2",80,2025-11-03T22:31:19.340941
1159,"T-26 B-2",80,2025-11-03T22:31:19.340941
1159,"T26/B2",80,2025-11-03T22:31:19.340941
1160,"T-26C",100,2025-11-03T22:31:19.340941
1160,"T 26C",80,2025-11-03T22:31:19.340941
1160,"T26C",80,2025-11-03T22:31:19.340941
1161,"T-26E",100,2025-11-03T22:31:19.340941
1161,"T26E",80,2025-11-03T22:31:19.340941
1161,"T 26E",80,2025-11-03T22:31:19.340941
1162,"T-26S",100,2025-11-03T22:31:19.340941
1162,"T 26S",80,2025-11-03T22:31:19.340941
1162,"T26S",80,2025-11-03T22:31:19.340941
1163,"T-27",100,2025-11-03T22:31:19.340941
1163,"T27",80,2025-11-03T22:31:19.340941
1163,"T 27",80,2025-11-03T22:31:19.340941
1164,"T-28A early",100,2025-11-03T22:31:19.340941
1164,"T 28A early",80,2025-11-03T22:31:19.340941
1164,"T28A early",80,2025-11-03T22:31:19.340941
1165,"T-28A early(a)",100,2025-11-03T22:31:19.340941
1165,"T28A early(a)",80,2025-11-03T22:31:19.340941
1165,"T 28A early(a)",80,2025-11-03T22:31:19.340941
1166,"T-28B",100,2025-11-03T22:31:19.340941
1166,"T 28B",80,2025-11-03T22:31:19.340941
1166,"T28B",80,2025-11-03T22:31:19.340941
1167,"T-28C",100,2025-11-03T22:31:19.340941
1167,"T28C",80,2025-11-03T22:31:19.340941
1167,"T 28C",80,2025-11-03T22:31:19.340941
1168,"T-32 (M-11)",100,2025-11-03T22:31:19.340941
1168,"T-32 (M 11)",80,2025-11-03T22:31:19.340941
1168,"T 32 (M 11)",80,2025-11-03T22:31:19.340941
1168,"T-32 (M11)",80,2025-11-03T22:31:19.340941
1168,"T32 (M11)",80,2025-11-03T22:31:19.340941
1169,"T-34/76A",100,2025-11-03T22:31:19.340941
1169,"T-34 76A",80,2025-11-03T22:31:19.340941
1169,"T 34/76A",80,2025-11-03T22:31:19.340941
1169,"T-34-76A",80,2025-11-03T22:31:19.340941
1169,"T34/76A",80,2025-11-03T22:31:19.340941
1170,"T-34/76B",100,2025-11-03T22:31:19.340941
1170,"T-34-76B",80,2025-11-03T22:31:19.340941
1170,"T34/76B",80,2025-11-03T22:31:19.340941
1170,"T 34/76B",80,2025-11-03T22:31:19.340941
1170,"T-34 76B",80,2025-11-03T22:31:19.340941
1171,"T-34/76C",100,2025-11-03T22:31:19.340941
1171,"T 34/76C",80,2025-11-03T22:31:19.340941
1171,"T34/76C",80,2025-11-03T22:31:19.340941
1171,"T-34-76C",80,2025-11-03T22:31:19.340941
1171,"T-34 76C",80,2025-11-03T22:31:19.340941
1172,"T-34/76D",100,2025-11-03T22:31:19.340941
1172,"T34/76D",80,2025-11-03T22:31:19.340941
1172,"T-34 76D",80,2025-11-03T22:31:19.340941
1172,"T 34/76D",80,2025-11-03T22:31:19.340941
1172,"T-34-76D",80,2025-11-03T22:31:19.340941
1173,"T-34/76E",100,2025-11-03T22:31:19.340941
1173,"T 34/76E",80,2025-11-03T22:31:19.340941
1173,"T34/76E",80,2025-11-03T22:31:19.340941
1173,"T-34 76E",80,2025-11-03T22:31:19.340941
1173,"T-34-76E",80,2025-11-03T22:31:19.340941
1174,"T-34/76F",100,2025-11-03T22:31:19.340941
1174,"T 34/76F",80,2025-11-03T22:31:19.340941
1174,"T34/76F",80,2025-11-03T22:31:19.340941
1174,"T-34-76F",80,2025-11-03T22:31:19.340941
1174,"T-34 76F",80,2025-11-03T22:31:19.340941
1175,"T-34/85",100,2025-11-03T22:31:19.340941
1175,"T34/85",80,2025-11-03T22:31:19.340941
1175,"T-34 85",80,2025-11-03T22:31:19.340941
1175,"T 34/85",80,2025-11-03T22:31:19.340941
1175,"T-34-85",80,2025-11-03T22:31:19.340941
1176,"T-35",100,2025-11-03T22:31:19.340941
1176,"T35",80,2025-11-03T22:31:19.340941
1176,"T 35",80,2025-11-03T22:31:19.340941
1177,"T-37 Amphibious",100,2025-11-03T22:31:19.340941
1177,"T 37 Amphibious",80,2025-11-03T22:31:19.340941
1177,"T37 Amphibious",80,2025-11-03T22:31:19.340941
1178,"T-38 Amphibious",100,2025-11-03T22:31:19.340941
1178,"T38 Amphibious",80,2025-11-03T22:31:19.340941
1178,"T 38 Amphibious",80,2025-11-03T22:31:19.340941
1179,"T-38/M-2 Amphibious",100,2025-11-03T22:31:19.340941
1179,"T38/M2 Amphibious",80,2025-11-03T22:31:19.340941
1179,"T-38-M-2 Amphibious",80,2025-11-03T22:31:19.340941
1179,"T-38/M2 Amphibious",80,2025-11-03T22:31:19.340941
1179,"T 38/M 2 Amphibious",80,2025-11-03T22:31:19.340941
1179,"T-38 M-2 Amphibious",80,2025-11-03T22:31:19.340941
1179,"T-38/M 2 Amphibious",80,2025-11-03T22:31:19.340941
1180,"T-40 Amphibious",100,2025-11-03T22:31:19.340941
1180,"T 40 Amphibious",80,2025-11-03T22:31:19.340941
1180,"T40 Amphibious",80,2025-11-03T22:31:19.340941
1181,"T-40A Amphibious",100,2025-11-03T22:31:19.340941
1181,"T 40A Amphibious",80,2025-11-03T22:31:19.340941
1181,"T40A Amphibious",80,2025-11-03T22:31:19.340941
1182,"T-40S",100,2025-11-03T22:31:19.340941
1182,"T 40S",80,2025-11-03T22:31:19.340941
1182,"T40S",80,2025-11-03T22:31:19.340941
1183,"T-60 / T-60A",100,2025-11-03T22:31:19.340941
1183,"T60 / T60A",80,2025-11-03T22:31:19.340941
1183,"T 60 / T 60A",80,2025-11-03T22:31:19.340941
1184,"T-70",100,2025-11-03T22:31:19.340941
1184,"T70",80,2025-11-03T22:31:19.340941
1184,"T 70",80,2025-11-03T22:31:19.340941
1185,"T-80",100,2025-11-03T22:31:19.340941
1185,"T 80",80,2025-11-03T22:31:19.340941
1185,"T80",80,2025-11-03T22:31:19.340941
